-- --------------------------------------------------------
-- Host:                         127.0.0.1
-- Server version:               10.4.17-MariaDB - mariadb.org binary distribution
-- Server OS:                    Win64
-- HeidiSQL Version:             10.2.0.5599
-- --------------------------------------------------------

/*!40101 SET @OLD_CHARACTER_SET_CLIENT=@@CHARACTER_SET_CLIENT */;
/*!40101 SET NAMES utf8 */;
/*!50503 SET NAMES utf8mb4 */;
/*!40014 SET @OLD_FOREIGN_KEY_CHECKS=@@FOREIGN_KEY_CHECKS, FOREIGN_KEY_CHECKS=0 */;
/*!40101 SET @OLD_SQL_MODE=@@SQL_MODE, SQL_MODE='NO_AUTO_VALUE_ON_ZERO' */;


-- Dumping database structure for rezervari_hoteliere
CREATE DATABASE IF NOT EXISTS `rezervari_hoteliere` /*!40100 DEFAULT CHARACTER SET utf8mb4 */;
USE `rezervari_hoteliere`;

-- Dumping structure for table rezervari_hoteliere.admin
CREATE TABLE IF NOT EXISTS `admin` (
  `id_admin` int(10) NOT NULL AUTO_INCREMENT,
  `nume` varchar(30) NOT NULL,
  `prenume` varchar(30) NOT NULL,
  `username` varchar(30) NOT NULL,
  `parola` varchar(30) NOT NULL,
  `adresa` varchar(30) NOT NULL,
  `email` varchar(30) NOT NULL,
  PRIMARY KEY (`id_admin`)
) ENGINE=InnoDB AUTO_INCREMENT=5 DEFAULT CHARSET=utf8mb4;

-- Dumping data for table rezervari_hoteliere.admin: ~4 rows (approximately)
/*!40000 ALTER TABLE `admin` DISABLE KEYS */;
INSERT INTO `admin` (`id_admin`, `nume`, `prenume`, `username`, `parola`, `adresa`, `email`) VALUES
	(1, '', '', 'eliza', 'eliza99', '', ''),
	(2, 'mihai', 'andreea', 'andreea20', 'andreea', 'str George Cosbuc', 'andreea@yahoo.com'),
	(3, '', '', '', '', '', ''),
	(4, 'panaite', 'alina', 'alina_pa', 'alina99', 'str. Mihai negru', 'alina_dg@yahoo.com');
/*!40000 ALTER TABLE `admin` ENABLE KEYS */;

-- Dumping structure for table rezervari_hoteliere.camere
CREATE TABLE IF NOT EXISTS `camere` (
  `id_camera` int(10) NOT NULL AUTO_INCREMENT,
  `pret_camera` int(11) NOT NULL,
  `id_hotel` int(10) NOT NULL,
  `id_tip_camera` int(10) NOT NULL,
  `poza_camere` varchar(100) NOT NULL,
  PRIMARY KEY (`id_camera`)
) ENGINE=InnoDB AUTO_INCREMENT=144 DEFAULT CHARSET=utf8mb4;

-- Dumping data for table rezervari_hoteliere.camere: ~138 rows (approximately)
/*!40000 ALTER TABLE `camere` DISABLE KEYS */;
INSERT INTO `camere` (`id_camera`, `pret_camera`, `id_hotel`, `id_tip_camera`, `poza_camere`) VALUES
	(1, 1070, 1, 1, 'vega_dubla_1.jpg'),
	(2, 1600, 1, 2, 'vega_familie.jpg'),
	(3, 1100, 1, 3, 'vega_superior.jpg'),
	(4, 167, 2, 4, 'aurora_dubla.jpg'),
	(5, 280, 2, 5, 'aurora_fam.jpg'),
	(6, 650, 3, 6, 'alcor_dubla.jpg'),
	(7, 720, 3, 7, 'alcor_twin.jpg'),
	(8, 1079, 3, 8, 'alcor_apartament.jpg'),
	(9, 450, 4, 9, 'malibu_twin.jpg'),
	(10, 450, 4, 4, 'malibu_dublu.jpg'),
	(11, 620, 4, 11, 'malibu_apartament.jpg'),
	(12, 492, 5, 12, 'victoria_familie_3.jpg'),
	(13, 350, 5, 13, 'victoria_twin.jpg'),
	(14, 300, 5, 14, 'victoria_dubla.jpg'),
	(15, 340, 6, 15, 'dubla.jpg'),
	(16, 430, 6, 16, 'deluxe.jpg'),
	(17, 770, 6, 17, 'executive.jpg'),
	(18, 340, 7, 18, 'aro_dubla.jpg'),
	(19, 370, 7, 19, 'aro_twin.jpg'),
	(20, 800, 7, 20, 'aro_apartament.jpg'),
	(21, 260, 8, 21, 'belfort_single.jpg'),
	(22, 336, 8, 22, 'belfort_deluxe.jpg'),
	(23, 450, 8, 23, 'belfort_dubla.jpg'),
	(24, 130, 9, 24, 'decebal_twin.jpg'),
	(25, 130, 9, 25, 'decebal_dubla.jpg'),
	(26, 367, 10, 26, 'aurelius_superior.jpg'),
	(27, 389, 10, 27, 'aurelius_deluxe.jpg'),
	(28, 890, 10, 28, 'aurelius_apartament.jpg'),
	(29, 380, 11, 29, 'international_twin.jpg'),
	(30, 560, 11, 30, 'international_junior.jpg\r\n'),
	(31, 590, 11, 31, 'international_executive.jpg'),
	(32, 310, 12, 32, 'sinaia_dubla.jpg'),
	(33, 430, 12, 33, 'sinaia_tripla.jpg'),
	(34, 600, 12, 34, 'sinaia_familie.jpg'),
	(35, 280, 13, 32, 'anda_dubla.jpg'),
	(36, 300, 13, 36, 'anda_twin.jpg'),
	(37, 320, 14, 37, 'mara_standard.jpg'),
	(38, 480, 14, 38, 'mara_dubla.jpg'),
	(39, 550, 14, 39, 'mara_familie.jpg'),
	(40, 250, 15, 40, 'marea_dubla.jpg'),
	(41, 250, 15, 41, 'marea_twin.jpg'),
	(42, 280, 15, 42, 'marea_standard.jpg'),
	(43, 350, 16, 43, 'silva_familie.jpg'),
	(44, 340, 16, 44, 'silva_twin.jpg'),
	(45, 430, 16, 45, 'silva_apartament.jpg'),
	(46, 180, 17, 46, 'marasesti_dubla.jpg'),
	(47, 210, 17, 47, 'marasesti_tripla.jpg'),
	(48, 330, 17, 48, 'marasesti_apartament.jpg'),
	(49, 220, 18, 49, 'iri_tripla.jpg'),
	(50, 170, 18, 50, 'iri_twin.jpg'),
	(51, 360, 18, 51, 'iri_apartament.jpg'),
	(52, 100, 19, 52, 'cppi_twin.jpg'),
	(53, 350, 20, 53, 'kayus_dubla.jpg'),
	(54, 400, 20, 54, 'kayus_deluxe.jpg'),
	(55, 360, 20, 55, 'kayus_familie.jpg'),
	(56, 530, 21, 56, 'yael_apdeluxe.jpg'),
	(57, 380, 21, 57, 'yael_studio.jpg'),
	(58, 470, 21, 58, 'yael_standard.jpg'),
	(59, 340, 22, 59, 'nevada_dubla.jpg'),
	(60, 340, 22, 60, 'nevada_twin.jpg'),
	(61, 420, 22, 61, 'nevada_familie.jpg'),
	(62, 310, 23, 62, 'megalos_twin.jpg'),
	(63, 330, 23, 63, 'megalos_familie.jpg'),
	(64, 220, 24, 64, 'royal_twin.jpg'),
	(65, 240, 24, 65, 'royal_dubla.jpg'),
	(66, 380, 24, 66, 'royal_apartament.jpg'),
	(67, 390, 25, 67, 'carol_queen.jpg'),
	(68, 440, 25, 68, 'carol_king.jpg'),
	(69, 520, 25, 69, 'carol_apartament.jpg'),
	(70, 210, 26, 70, 'florentina_single.jpg'),
	(71, 300, 26, 71, 'florentina_dubla.jpg'),
	(72, 230, 27, 72, 'atena_dubla.jpg'),
	(73, 280, 27, 73, 'atena_deluxe.jpg'),
	(74, 290, 28, 74, 'dotro_familie.jpg'),
	(75, 300, 28, 75, 'dotro_tripla.jpg'),
	(76, 310, 28, 76, 'dotro_cvadrupla.jpg'),
	(77, 500, 29, 77, 'poienita_twin.jpg'),
	(78, 500, 29, 78, 'poienita_dubla.jpg'),
	(79, 600, 29, 79, 'poienita_tripla.jpg'),
	(80, 220, 30, 80, 'aqua_dubla.jpg'),
	(81, 250, 30, 81, 'aqua_deluxe.jpg'),
	(82, 500, 31, 82, 'atlantic_king.jpg'),
	(83, 600, 31, 83, 'atlantic_tripla.jpg'),
	(84, 700, 31, 84, 'atlantic_familie.jpg'),
	(85, 329, 32, 85, 'intercity_apartament.jpg'),
	(86, 370, 33, 86, 'beyfin_single.jpg'),
	(87, 350, 33, 87, 'beyfin_dubla.jpg'),
	(88, 400, 33, 88, 'beyfin_twin.jpg'),
	(89, 190, 34, 89, 'zero_dubla.jpg'),
	(90, 200, 34, 90, 'zero_tripla.jpg'),
	(91, 200, 34, 91, 'zero_twin.jpg'),
	(92, 240, 36, 92, 'sunny_twin.jpg'),
	(93, 270, 36, 93, 'sunny_queen.jpg'),
	(94, 360, 36, 94, 'sunny_cvadrupla.jpg'),
	(95, 260, 37, 95, 'ringrand_superioara.jpg'),
	(96, 250, 37, 96, 'ringrand_standard.jpg'),
	(97, 270, 37, 97, 'ringrand_twin.jpg'),
	(98, 220, 38, 98, 'ambasador_dubla.jpg'),
	(99, 220, 38, 99, 'ambasador_twin.jpg'),
	(100, 170, 38, 100, 'ambasador_single.jpg'),
	(101, 229, 39, 101, 'michelangelo_standard.jpg'),
	(102, 160, 39, 102, 'michelangelo_single.jpg'),
	(103, 280, 39, 103, 'michelangelo_superioara.jpg'),
	(104, 190, 40, 104, 'yesterday_single.jpg'),
	(105, 215, 40, 105, 'yesterday_dubla.jpg'),
	(106, 210, 40, 106, 'yesterday_twin.jpg'),
	(107, 113, 41, 107, 'uranus_single.jpg'),
	(108, 115, 41, 108, 'uranus_dubla.jpg'),
	(109, 125, 41, 109, 'uranus_tripla.jpg'),
	(110, 160, 42, 110, 'astoria_twin.jpg'),
	(111, 180, 42, 111, 'astoria_dubla.jpg'),
	(112, 239, 42, 112, 'astoria_tripla.jpg'),
	(113, 230, 43, 113, 'arnia_dubla.jpg'),
	(114, 230, 43, 114, 'arnia_twin.jpg'),
	(115, 280, 43, 115, 'arnia_familie.jpg'),
	(116, 350, 44, 116, 'traian_deluxe.jpg'),
	(117, 240, 44, 117, 'traian_single.jpg'),
	(118, 800, 44, 118, 'traian_apartament.jpg'),
	(119, 200, 45, 119, 'belevile_dubla.jpg'),
	(120, 200, 45, 120, 'belevile_twin.jpg'),
	(121, 275, 45, 121, 'belevile_familie.jpg'),
	(122, 160, 46, 122, 'house_dubla.jpg'),
	(123, 190, 46, 123, 'house_tripla.jpg'),
	(124, 120, 46, 124, 'house_single.jpg'),
	(125, 182, 47, 125, 'piemonte_dubla.jpg'),
	(126, 182, 47, 126, 'piemonte_twin.jpg'),
	(127, 290, 47, 127, 'piemonte_apartament.jpg'),
	(128, 270, 48, 128, 'rozmarin_dubla.jpg'),
	(129, 380, 48, 129, 'rozmarin_familie.jpg'),
	(130, 260, 49, 130, 'dragului_dubla.jpg'),
	(131, 260, 49, 131, 'dragului_twin.jpg'),
	(132, 340, 49, 132, 'dragului_king.jpg'),
	(133, 270, 50, 133, 'orizont_dubla.jpg'),
	(134, 273, 50, 134, 'orizont_twin.jpg'),
	(135, 320, 50, 135, 'orizont_king.jpg'),
	(136, 220, 51, 136, 'belvedere_twin.jpg'),
	(137, 220, 51, 137, 'belvedere_dubla.jpg'),
	(138, 370, 51, 138, 'belvedere_apartament.jpg');
/*!40000 ALTER TABLE `camere` ENABLE KEYS */;

-- Dumping structure for table rezervari_hoteliere.clienti
CREATE TABLE IF NOT EXISTS `clienti` (
  `id_client` int(20) NOT NULL AUTO_INCREMENT,
  `nume` varchar(30) NOT NULL,
  `prenume` varchar(30) NOT NULL,
  PRIMARY KEY (`id_client`)
) ENGINE=InnoDB AUTO_INCREMENT=223 DEFAULT CHARSET=utf8mb4;

-- Dumping data for table rezervari_hoteliere.clienti: ~14 rows (approximately)
/*!40000 ALTER TABLE `clienti` DISABLE KEYS */;
INSERT INTO `clienti` (`id_client`, `nume`, `prenume`) VALUES
	(157, 'manea', 'daniela'),
	(161, 'lupoae', 'elena'),
	(163, 'Lupoae', 'Daniela'),
	(164, 'Marin', 'Ioana'),
	(165, 'Grigore', 'Denise'),
	(166, 'Grigore', 'Denise'),
	(167, 'Anghel', 'Maria'),
	(168, 'Popa', 'Andrei'),
	(169, 'Toader', 'Iuliana'),
	(172, 'valentina', 'maria'),
	(173, 'valentina', 'maria'),
	(218, 'panaite', 'alina'),
	(220, 'Tecuceanu', 'Eliza'),
	(222, 'mihai', 'alin');
/*!40000 ALTER TABLE `clienti` ENABLE KEYS */;

-- Dumping structure for table rezervari_hoteliere.facilitati
CREATE TABLE IF NOT EXISTS `facilitati` (
  `id_facilitati` int(10) NOT NULL AUTO_INCREMENT,
  `lista_facilitati` text NOT NULL DEFAULT '0',
  PRIMARY KEY (`id_facilitati`)
) ENGINE=InnoDB AUTO_INCREMENT=51 DEFAULT CHARSET=utf8mb4;

-- Dumping data for table rezervari_hoteliere.facilitati: ~31 rows (approximately)
/*!40000 ALTER TABLE `facilitati` DISABLE KEYS */;
INSERT INTO `facilitati` (`id_facilitati`, `lista_facilitati`) VALUES
	(1, 'Etaje superioare accesibile cu liftul\r\n'),
	(2, ' Lenjerie de pat'),
	(3, 'Garderobă \r\n'),
	(4, 'Aer Condiţionat'),
	(5, 'încălzire'),
	(6, 'Ventilator'),
	(7, 'Dressing'),
	(8, 'Minibar'),
	(9, 'Seif'),
	(10, 'Plasa de tantari'),
	(11, 'Mocheta'),
	(12, 'Frigider'),
	(13, 'Maşină de cafea'),
	(14, 'Uscator de haine'),
	(15, 'Semineu'),
	(16, 'Birou'),
	(17, 'Zonă de relaxare'),
	(18, 'TV'),
	(19, 'Telefon'),
	(20, 'Canale prin satelit'),
	(21, 'TV cu ecran plat'),
	(22, 'Canale prin cablu'),
	(23, 'Terasa'),
	(24, 'Priză lângă pat'),
	(25, 'Suport de haine'),
	(26, 'Serviciu de trezire'),
	(27, 'Pardoseala de gresie/marmora'),
	(28, 'Izolare fonica'),
	(29, 'Cana fierbator'),
	(30, 'Balcon'),
	(31, 'Canapea extensibila');
/*!40000 ALTER TABLE `facilitati` ENABLE KEYS */;

-- Dumping structure for table rezervari_hoteliere.facilitati_camere
CREATE TABLE IF NOT EXISTS `facilitati_camere` (
  `id_facilitati_camere` int(10) NOT NULL AUTO_INCREMENT,
  `id_tip_camera` int(10) NOT NULL,
  `id_facilitati` int(10) NOT NULL,
  PRIMARY KEY (`id_facilitati_camere`)
) ENGINE=InnoDB AUTO_INCREMENT=62 DEFAULT CHARSET=utf8mb4;

-- Dumping data for table rezervari_hoteliere.facilitati_camere: ~43 rows (approximately)
/*!40000 ALTER TABLE `facilitati_camere` DISABLE KEYS */;
INSERT INTO `facilitati_camere` (`id_facilitati_camere`, `id_tip_camera`, `id_facilitati`) VALUES
	(1, 1, 1),
	(2, 2, 2),
	(3, 3, 3),
	(4, 3, 4),
	(5, 5, 5),
	(6, 6, 6),
	(7, 7, 7),
	(8, 8, 8),
	(9, 9, 9),
	(10, 10, 10),
	(11, 11, 11),
	(12, 12, 12),
	(13, 13, 13),
	(14, 14, 14),
	(15, 15, 15),
	(16, 16, 16),
	(17, 17, 17),
	(18, 18, 18),
	(19, 19, 19),
	(20, 20, 20),
	(21, 21, 21),
	(22, 22, 22),
	(23, 23, 23),
	(24, 24, 24),
	(25, 25, 25),
	(26, 26, 26),
	(27, 27, 27),
	(28, 28, 28),
	(29, 29, 29),
	(30, 30, 30),
	(31, 31, 31),
	(50, 50, 50),
	(51, 87, 1),
	(52, 87, 2),
	(53, 87, 3),
	(54, 87, 4),
	(55, 87, 5),
	(56, 132, 3),
	(57, 132, 8),
	(58, 132, 13),
	(59, 132, 17),
	(60, 132, 24),
	(61, 132, 26);
/*!40000 ALTER TABLE `facilitati_camere` ENABLE KEYS */;

-- Dumping structure for table rezervari_hoteliere.hotel
CREATE TABLE IF NOT EXISTS `hotel` (
  `id_hotel` int(10) NOT NULL AUTO_INCREMENT,
  `nume_hotel` varchar(30) NOT NULL,
  `categorie` varchar(30) NOT NULL,
  `id_statiune` int(10) NOT NULL,
  `poza_hotel` varchar(100) NOT NULL,
  `descriere` text NOT NULL,
  PRIMARY KEY (`id_hotel`)
) ENGINE=InnoDB AUTO_INCREMENT=52 DEFAULT CHARSET=utf8mb4;

-- Dumping data for table rezervari_hoteliere.hotel: ~50 rows (approximately)
/*!40000 ALTER TABLE `hotel` DISABLE KEYS */;
INSERT INTO `hotel` (`id_hotel`, `nume_hotel`, `categorie`, `id_statiune`, `poza_hotel`, `descriere`) VALUES
	(1, 'Vega', 'Cinci stele', 2, 'vega.jpg', 'Hotelul Vega este situat în Mamaia, lângă orașul Constanța, România. 					Interiorul hotelului de tip boutique este frumos proiectat, oferind tuturor oaspeților săi vedere la mare din camerele elegante. 					Hotelul oferă o piscină în aer liber cu o zonă pentru copii, o grădiniță interioară și în aer liber supravegheată (pe plajă) în timpul verii, un centru de înfrumusețare și spa, o sală de fitness, un butic de modă și o parcare patrulată.'),
	(2, 'Aurora', 'Doua Stele', 2, 'aurora.jpg', 'Hotelul Aurora este amplasat în zona de sud a staţiunii Mamaia, la câţiva paşi de Aqua Magic, Satul de Vacanţă şi Telegondola. 					Distanţa până la plajă este de doar 25 de metri, fiind construit chiar pe faleză, perpendicular pe ţărmul mării.					Astfel, toate camerele hotelului Aurora au de pe balcon vedere laterală spre mare.					Hotelul Aurora se învecinează cu hotelurile Perla, Dunărea şi Neptun.'),
	(3, 'Alcor', 'Patru Stele', 2, 'alcor.jpg', 'Hotelul Alcor Mamaia este amplasat în partea de nord a staţiunii, în vecinătatea hotelului Vega.					Hotelul dispune de plajă privată proprie, amenajată cu şezlonguri şi umbrele. 					Pe terasă şi pe plajă există conexiune gratuită la internet wireless.\r\nHotelul are parcare proprie gratuită, în limita locurilor disponibile.'),
	(4, 'Malibu', 'Patru Stele', 2, 'malibu.jpg', 'Hotelul Malibu Mamaia este amplasat la intrarea sudică în staţiunea Mamaia, fiind mărginit de plajă cu nisip fin şi de apele lacului Tabacarie. \r\nDatorită poziţionării privilegiate, oaspeţii hotelului au şansa unică de a urmări răsăritul soarelui din apele Mării Negre şi apusul acestuia în apele lacului Siutghiol.'),
	(5, 'Victoria', 'Trei Stele', 2, 'victoria.jpg', 'Hotelul Victoria Mamaia este situat în zona centrală a staţiunii Mamaia şi se bucură de o poziţie privilegiată faţă de principalele atracţii turistice din zonă.					Hotelul beneficiază de 337 de spaţii de cazare dispuse pe 10 etaje. 				Datorită faptului că hotelul este dispus perpendicular pe tărm, toate camerele au vedere laterală către mare, cu excepţia celor de la etajul 1.'),
	(6, 'Alpin', 'Patru Stele', 1, 'alpin.jpg', 'La Alpin Resort Hotel, serviciile excelente și facilitățile de nivel superior sunt făcute pentru un sejur de neuitat. 					Oaspeții acestui hotel se pot delecta cu facilități în incintă cum ar fi room service 24 de ore, Wi-Fi în zone publice, parcare cu valet, parcare auto, room service.\r\nCu o locație ideală și facilități pe măsură, Alpin Resort Hotel este locul perfect pentru o pauză antrenantă și incitantă.'),
	(7, 'Aro Palace', 'Cinci Stele', 1, 'aro.jpg', 'Amplasat în centrul istoric al oraşului Braşov, oferind vedere către Muntele Tâmpa şi cartierul istoric medieval al Braşovului, Hotelul Aro Palace prezintă condiţiile necesare pentru petrecerea unui sejur de relaxare sau în interes de afaceri perfect.				Camerele hotelului sunt elegante, spaţioase şi confortabile şi sunt dotate cu: baie proprie, TV satelit, circuit video, telefon internaţional, internet, seif, room-service, minibar.'),
	(8, 'Belfort', 'Trei Stele', 1, 'belfort.jpg', 'Hotelul Belfort este poziționat în centrul Brașovului cu acces rapid la strada pietonală principală din Brașov, strada Republicii asigură în același timp liniștea, prin situarea lângă muntele Tâmpa. 					Acesta dispune de 21 locuri de parcare oferite în limita disponibilității.					Hotelul Belfort acceptă tichete de vacanță: Edenred, Sodexo și Up Romania.'),
	(9, 'Decebal', 'Doua Stele', 1, 'decebal.jpg', 'Hotelul Decebal este situat într-un cartier select al Braşovului, pe o străduţă liniştită, departe de forfota obişnuită a unui oraş mare, dar totodată foarte aproape de centrul oraşului.				Zona aleasă, în apropierea dealului Tâmpa, foarte uşor accesibilă, permite aprecierea frumuseţilor oferite de natură. 				De aici pot fi admiraţi atât Munţii Bucegi, Munţii Ciucaş cât şi dealul Tâmpa.'),
	(10, 'Aurelius', 'Cinci Stele', 1, 'aurelius.jpg', 'Hotelul Aurelius-Împăratul Romanilor situat pe marginea lacului Miorița din Poiana Brașov, a fost construit în anul 2006 după un model arhitectural impunător.				Structura acestuia se încadrează perfect în peisajul montan.					Din interior se poate admira o panoramă deosebită către pârtia de ski de pe Muntele Postăvaru. 					Complexul, aflat la 1.030 de metri altitudine, cuprinde hotelul, restaurantul cu terasă pe lac, sălile de conferință și parcarea.'),
	(11, 'International', 'Patru Stele', 3, 'international.jpg', 'Hotelul International a fost construit in anul 1983 si a fost complet renovat in anul 2011, impunandu-se astazi printr-un stil exclusivist si modern. Se deosebeste in circuitul hotelier de pe Valea Prahovei prin imbinarea perfecta a stilului bussines cu stilul pleasure. Hotelul ofera spre gazduire oaspetilor sai nu mai putin de 180 de camere repartizate in 145 de camere duble standard, 1 single, 6 double deluxe, 14 junior suite, 7 executive junior suite, 6 one bedroom suite si 1 camera pentru persoane cu dizabilitati. '),
	(12, 'Sinaia', 'Patru Stele', 3, 'sinaia.jpg', 'Hotelul Sinaia beneficiază de o poziţie centrală, chiar lângă Parcul Dimitrie Ghica, pe strada comercială principală. Acest hotel emblematic oferă servicii de spa şi acces gratuit la o piscină interioară, saună şi facilităţi de fitness.\r\nToate camerele Hotelului Sinaia au ferestre mari, cu vedere panoramică la munţii din jur. Unităţile includ un TV cu ecran plat şi baie privată cu duş sau cadă.\r\nWiFi este gratuit în întregul hotel. Hotelul are un loc de joacă în interior. Pentru relaxare, se pot aranja masaje.'),
	(13, 'Anda', 'Patru Stele', 3, 'anda.jpg', 'Hotelul Anda este amplasat in centrul statiunii, aproape de telecabina (150 m).\r\nIn anul 2008 au fost renovate spatiile de cazare si de servire a mesei. Hotelul dispune de parcare proprie, un restaurant propriu, bar, terasa, gratar, scoala de schi, depozit de schiuri, doua sali de conferinte, internet wireless gratuit in tot hotelul, fax/copiator, curier, spalatorie/calcatorie, bancomat, camera de bagaje, biliard, birou de turism, servicii pentru copii, inchirieri auto, incalzire, seif, lift, room service.'),
	(14, 'Mara', 'Patru Stele', 3, 'mara.jpg', 'Hotelul Mara, inaugurat in 1996, este unul dintre cele mai bune structuri de cazare din tara.Hotelul ofera conditii excelente pentru un turism combinat: turismul de afaceri (conferinte, simpozioane, congrese) cu turismul de agrement imbinat si cu programe de revigorare in cadrul Centrului de tratament SPA.\r\nDotari generale: restaurant, bar, gradina, gratar, internet,  piscina interioara, piscina exterioara, scoala de schi, cada cu hidromasaj/jacuzzi, biliard, masaj, spa si centru de sanatate, sala de fitness, sauna, camera de bagaje, sali de conferinta.'),
	(15, 'Marea Neagra', 'Trei Stele', 3, 'marea_neagra.jpg', 'Hotelul Marea Neagră este situat in cartierul Furnica, la o plimbare de 9 minute de Castelul Peleș și Grădinile Regale, precum și la o plimbare de 15 minute de Mănăstirea Sinaia. Oaspeții au la dispoziție unități de cazare cu baie privată, precum și WiFi gratuit în întreaga proprietate.\r\nToate camerele spațioase de la Hotelul Marea Neagră au minibar, TV cu canale internaționale, baie privată cu duș și balcon. Majoritatea unităților oferă vedere la munții Bucegi.'),
	(16, 'Silva', 'Trei Stele', 4, 'silva.jpg', ' Hotelul Silva este destinatia perfecta pentru orice perioada a anului.\r\nCu o capacitate de 230 de locuri in camere duble standard si superioare, hotelul Silva ofera oaspetilor sai confort, relaxare si servicii de calitate.\r\nFiecare camera a hotelului Silva ofera o priveliste spectaculoasa asupra masivului Caraiman sau asupra muntilor Baiului. Paturile twin sau matrimoniale sunt comfortabile si asigura o odihna placuta pe saltele de calitate si lenjerii atent selectionate. '),
	(17, 'Marasesti', 'Două Stele', 4, 'marasesti.jpg', 'Hotel Marasesti este situat in statiunea montana Busteni, la 800 m de telecabina si la 1 km de Partia de Schi Kalinderu, oferind, spatiul de cazare ideal pentru pasionatii de drumetii si sporturile de iarna.\r\nGara din Busteni se afla la 500 m distanta de hotel, iar Manastirea Caraiman la 1,3 km distanta de hotel.\r\nHotel Marasesti ofera 16 locuri de cazare in cele 9 camere modern mobilate.\r\nCamerele sunt dotate cu baie proprie cu dus si articole de toaleta gratuite, TV LCD si mini-bar. Unele camere ofera vedere minunata catre munte.'),
	(18, 'Iri', 'Trei Stele', 4, 'iri.jpg', 'Situat in statiunea Busteni, la baza partiei Kalinderu, Hotelul Iri reprezinta locul ideal pentru petrecerea unui concediu relaxant dar si distractiv la munte.\r\nLa aproximativ 2 km se află telecabina Buşteni-Babele, precum şi Crucea Eroilor de pe Caraiman. Castelul Peleş este la 9 km.\r\nHotelul pune la dispozitie 70 de locuri de cazare distribuite in 27 de camere duble si 4 apartamente, restaurant, bar, receptie 24/24 h, sala de conferinte, gratar, parcare, internet, spatiu pentru depozitare echipament sportiv.'),
	(19, 'CPPI Nord', 'Trei Stele', 4, 'cppi.jpg', 'CPPI Nord este situat în stațiunea Bușteni, la 800 de metri de pârtia de schi Kalinderu și de Castelul Cantacuzino. Proprietatea, care se află la 900 de metri de Fun Park Kalinderu și la 5 km de telebina Bușteni - Babele beneficiază de un depozit pentru echipament de schi și de acces direct la pârtii.\r\nCamerele hotelului au dulap și televizor, precum și baie privată dotată cu duș. Se oferă acces gratuit la conexiunea WiFi.\r\nLa CPPI Nord este pus la dispoziție în fiecare dimineață un mic dejun continental. '),
	(20, 'Kayus', 'Patru Stele', 4, 'kayus.jpg', 'Așezat la 850m altitudine, cu acces facil la peste 1000m de teren skiabil și de drumeții, Kayus îmbină designul urban contemporan cu accente alpine într-un pachet elegant și rafinat care nu pierde din căldura și intimitatea oferite de un idilic Boutique Hotel de munte. Camerele stilate, cu priveliște nemărginită la Platoul Bucegi sunt o perfectă evadare intimă după o zi energizantă petrecută pe munte. Deschis tot timpul anului, KAYUS oferă un restaurant unic în Bușteni, servicii SPA și probabil cel mai odihnitor somn pe care clientii il pot experimenta. '),
	(21, 'Yael Luxury Apartments 2', 'Cinci Stele', 4, 'yael.jpg', 'Yael Luxury Apartments 2 se află în Bușteni, județul Brașov, la 4,1 km de Castelul Cantacuzino, și oferă cazare cu acces gratuit la internet WiFi, facilități de grătar, terasă și parcare privată gratuită.\r\nToate unitățile de cazare includ o chicinetă cu frigider și cuptor cu microunde, TV cu ecran plat cu canale prin cablu, facilități de călcat, dulap și zonă de relaxare cu o canapea. De asemenea, toate unitățile de cazare au baie privată, dotată cu duș, uscător de păr și articole de toaletă gratuite.'),
	(22, 'Nevada', 'Patru Stele', 5, 'nevada.jpg', 'Hotel Nevada este construit in apropiere de statiunea Mamaia, in zona Universitatii Ovidius, la doar cateva minute de mers cu masina de plaja. Astfel, Hotel Nevada se recomanda si persoanelor care doresc sa isi petreaca vacanta la mare, in afara agitatiei pe care o presupune cazarea intr-o statiune litorala, dar si persoanelor care ajung in Constanta in interes de afaceri.\r\nHotel Nevada este un hotel nou, deschis in anul 2014 si ofera cazare in tot timpul anului.\r\nSpatiile de cazare sunt amenajate confortabil si in culori calde.'),
	(23, 'Megalos', 'Patru Stele', 5, 'megalos.jpg', 'Hotel Megalos este situat central, pe unul dintre cele mai importante bulevarde ale orasului, Bulevardul Mamaia, la doar 5 minute de mers cu masina de statiunea Mamaia si de zona Delfinariu.\r\nHotel Megalos are 48 de camere si apartamente, dispuse pe cele 6 etaje ale cladirii. Pe langa spatiile de cazare, hotelul pune la dispozitia turistilor si numeroase facilitati de petrecere a timpului liber – Clubul Megalos, care functioneaza in weekend, Arthur Pub (Guinness Irish Pub), situat la parter, salon de infrumusetare si bar.'),
	(24, 'New Royal', 'Patru Stele', 5, 'royal.jpg', 'Hotelul New Royal este situat pe unul dintre principalele bulevarde ale Constantei - Bulevardul Mamaia, care incepe din centrul orasului si tranziteaza Statiunea Mamaia. Astfel, Hotelul Royal are o pozitionare foarte buna, la 10 minute de mers cu masina de centrul comercial al Constantei, si la 5 minute de Statiunea Mamaia. De asemenea, se afla la o distanta aproximativa de 1 km de Delfinariu.\r\nHotelul Royal este un hotel nou, cu o arhitectura moderna, iar interiorul este amenajat cu eleganta, fiind in acelasi timp confortabil si odihnitor.'),
	(25, 'Carol', 'Patru Stele', 5, 'carol.jpg', 'Hotelul Carol este pozitionat foarte aproape de centrul istoric al orasului, care cuprinde (Muzeul de Arta, Acvariul din Constanta si Portul Turistic Tomis). Hotelul a fost proiectat in 1913 de cunoscutul arhitect Anghel Saligny si echipa sa. Este un hotel boutique de 24 de camere gazduit de o cladire monument istoric din 1913, unica in Constanta. Dispune de restaurant, terasa, sala de fitness, jakuzzi si sauna, internet, 3 sali de conferinta, parcare.\r\nCamerele sunt mobilate in stil Victorian si cu mult bun gust, generand o ambianta aristocrata.'),
	(26, 'Florentina', 'Trei Stele', 5, 'florentina.jpg', 'Hotelul Florentina se află la doar 500 de metri de gara din Constanţa şi oferă camere cu aer condiţionat şi acces gratuit la internet WiFi. Portul Tomis este situat la 4 km, iar autobuzul public spre plaja Modern are staţie chiar vizavi.\r\nToate camerele au baie privată cu cabină de duş. Ferestrele sunt izolate fonic şi au plase de ţânţari. Toate camerele includ TV prin cablu şi telefon.Recepţia Hotelului Florentina este deschisă nonstop. Aceasta oferă servicii de fax şi închirieri auto.'),
	(27, 'Atena', 'Doua Stele', 6, 'atena.jpg', ' Hotelul Atena este una dintre acele constructii elegante si rafinate ce innobileaza statiunea Costinesti. Hotelul Atena dispune de o locatie de exceptie, amplasata intr-o zona linistita, aproape de malul marii si de efectele benefice ale acesteia. Un interior generos, dotat la cele mai inalte standarde de calitate, utilat modern si amenajat astfel incat sa ofere tot confortul necesar. Locul de joaca amenajat pentru cei mai mici dintre oaspetii nostrii va transforma vacanta acestora intr-una de neuitat. '),
	(28, 'S&K Dotro', 'Patru Stele', 6, 'dotro.jpg', 'Hotelul S&K Dotro este situat la malul mării în stațiunea Costinești, la 700 de metri de epava din Costinești și oferă acces gratuit la internet WiFi și parcare privată gratuită.\r\nCamerele sunt prevăzute cu TV cu ecran plat și canale prin satelit. Unele camere au terasă sau balcon. De asemenea, camerele includ baie privată, dotată cu duş.\r\nLa cerere, se asigură un serviciu de curățenie pe durata sejurului. Oaspeții au la dispoziție o zonă comună de luat masa în aer liber.'),
	(29, 'Poienita', 'Trei Stele', 6, 'poienita.jpg', 'Hotel Poienita este o unitate de cazare situata in cea mai apreciata zona a statiunii, la doar 20 de metri de plaja. \r\nHotel Poienita detine si doua restaurante, unul in sistem self-service (Mirco) si unul cu servire “a la carte” (Rustic Poienita), unde oaspetii se pot bucura si de programele artistice care se desfasoara seara. \r\nUnitatea de cazare Poienita este formata dintr-un hotel si o vila, insumand un numar total de 74 de camere.\r\nPentru confortul turistilor, Poienita mai pune la dispozitia turistilor loc de joaca pentru copii, gradina, bar, parcare.'),
	(30, 'AquaMarine', 'Trei Stele', 6, 'aqua.jpg', 'Hotelul AquaMarine este situat în Costinești, la 250 de metri de plaja si  la 2 km de epava din Costinești .Parcul de distracții din Costinești este la 1,3 km de Hotelul AquaMarine, iar Obeliscul din Costinești se află la 1,9 km de proprietate. Cel mai apropiat aeroport este Aeroportul Internațional Mihail Kogălniceanu, situat la 56 km de hotel\r\nClasificat la categoria de 3 stele, Hotelul AquaMarine dispune de 17 camere dotate cu aer conditionat, minibar, TV,acces gratuit la wi-fi,birou, aparate de cafea/ceai, iar zilnic se oferă curățenie.'),
	(31, 'Atlantic', 'Patru Stele', 6, 'atlantic.jpg', ' Hotelul Atlantic  se află in Costineşti, la doar 100 de metri de plajă, si la 600 de metri de parcul de distracţii din Costineşti,iar Aeroportul Internaţional Mihail Kogălniceanu se află la 57 km de proprietate.\r\n Hotelul sta la dispozitia turistilor cu diferite tipuri de spatii de cazare dotate cu  aer condiţionat, TV cu ecran plat cu canale prin satelit ,acces gratuit la internet wi-fi ,baie privată, articole de toaletă gratuite şi uscător de păr.'),
	(32, 'Intercity Residence', 'Patru Stele', 7, 'intercity.jpg', 'Intercity Residence are balcon și este situat în Cluj-Napoca, la doar 1,6 km de Ștrandul Clujana și la 1,7 km de Catedrala Adormirea Maicii Domnului. Oaspeții beneficiază de WiFi gratuit și parcare privată.\r\nApartamentul are 1 dormitor, un TV cu ecran plat cu canale prin satelit, o zonă de luat masa, o bucătărie complet utilată, 1 baie și un patio cu vedere la grădină. Proprietatea poate oferi prosoape și lenjerie de pat la un cost suplimentar.\r\nApartamentul oferă acces la o terasă. Intercity Residence are grădină și loc de joacă pentru copii.'),
	(33, 'Beyfin', 'Patru Stele', 7, 'beyfin.jpg', 'Elegantul Hotel Beyinf este situat în inima orașului Cluj-Napoca, în piața principală Avram Iancu, oferind unități de cazare cu design elegant.\r\nGara Cluj-Napoca se află la 2 km. Parcarea privată și serviciile de transfer sunt disponibile la un cost suplimentar.\r\nHotelul Beyfin este decorat cu mobilier de design italian, podea cu granit și candelabre din sticlă Swarovski.\r\nPune la dispoziție, de asemenea, un restaurant à la carte ce servește preparate din bucătăria italienească. La ultimul etaj se află o terasă cu bar cu vedere panoramică la oraş. Accesul WiFi este gratuit.'),
	(34, 'Zero', 'Trei Stele', 7, 'zero.jpg', 'Hotelul Zero este situat în Cluj-Napoca, la 4,3 km de piața de Crăciun din Cluj-Napoca și la 2 km de centrul comercial Iulius Mall. Hotelul oferă parcare privată gratuită.\r\nFiecare cameră a acestei pensiuni are aer condiționat și TV cu ecran plat. Camerele au baie privată cu duș sau cadă. Zero oferă WiFi gratuit în întreaga proprietate.\r\n Cel mai apropiat aeroport este Aeroportul Internațional Avram Iancu din Cluj, situat la 3 km de hotel.'),
	(36, 'Sunny Hill', 'Patru Stele', 7, 'sunny.jpg', 'Hotelul Sunny Hill se află în zona Făget, aproape de pădure și la numai 7 km de centrul orașului Cluj-Napoca. Hotelul este situat la mai puțin de 8 km de centrele comerciale Polus şi Iulius Mall. Aeroportul Internaţional Cluj se află la aproximativ 12 km. Hotelul a fost renovat in 2010.\r\nFacilitatile hotelului sunt: Acces carut cu rotile, baie prietenoasa cu persoanele cu dizabilitati, pat dublu, baie, dus, cada, uscator de par, terasa, balcon, living, acces la Internet, seif, incalzire centrala, TV, aer conditionat reglabil individual, telefon cu apelare directa, minibar,Camerele au vedere la gradina sau  padure.'),
	(37, 'Rin Grand', 'Patru Stele', 8, 'rin.jpg', 'Rin  Grand Hotel se află în zona de sud-est a Bucureștiului, în vecinătatea lacului Văcărești și la 6 km de centrul orașului.\r\nHotelul  Rin grand are o suprafata  totala de 115 000 mp , structurat pe 2 niveluri subterane, parter si 15 niveluri supraterane, ofera o gama completa de  servicii de inalta calitate pentru calatoriile de afaceri, precum si pentru organizarea de evenimente locale si internationale, intr-o atmosfera cosmopolita si deopotriva relaxanta si calduroasa.'),
	(38, 'Ambasador', 'Patru Stele', 8, 'ambasador.jpg', 'Hotelul de 4 stele Ambasador este situat central în Bucureşti, la mai puţin de 10 minute de mers pe jos de oraşul vechi. Oferă unităţi de cazare elegante, cu acces gratuit la internet WiFi şi la internet de mare viteză prin cablu. Oaspeţii au la dispoziţie şi un salon de înfrumuseţare.\r\nToate camerele Hotelului Ambasador oferă aer condiţionat, minibar şi TV LED cu canale prin cablu. Băile sunt moderne şi includ articole de toaletă gratuite, halate de baie şi papuci.\r\nRestaurantul hotelului serveşte mâncăruri internaţionale. Oaspeţii au la dispoziţie şi room service.'),
	(39, 'Michelangelo', 'Trei Stele', 8, 'michelangelo.jpg', 'Hotel Michelangelo ofera cazare in Bucuresti, la 800 de metri de Muzeul Național de Istorie Naturală "Grigore Antipa".\r\nAteneul Român se află la 900 de metri de Hotelul Michelangelo, în timp ce Muzeul Taranului Roman, se află la 900 de metri de proprietate. Aeroportul Henri Coandă este la 14 km distanță.\r\nHotelul dispune de  Wi-Fi gratuit, o terasă la soare, parcare gratuită; camere pentru nefumători; recepţie deschisă nonstop; room service.'),
	(40, 'Yesterday', 'Trei Stele', 8, 'yesterday.jpg', 'Oferind acces ușor la stația de metrou Grozăvești din București, Hotel Yesterday se află la 300 de metri de Universitatea Politehnică. Oaspeții beneficiază de parcare privată gratuită și acces gratuit la internet WiFi.\r\nHotelul oferă camere spațioase, mobilate clasic, cu aer condiționat și TV cu ecran plat şi canale prin cablu.\r\nRestaurantul elegant al hotelului Yesterday are o capacitate de 130 de locuri și servește preparate din bucătăria internațională și specialități românești. Oaspeții pot lua masa şi pe terasa în aer liber.'),
	(41, 'Uranus', 'Doua Stele', 8, 'uranus.jpg', 'Hotelul Uranus este situat la 600 de metri de staţia de metrou şi Gara de Nord din Bucureşti. Hotelul asigură gratuit parcare privată şi WiFi.\r\nToate camerele hotelului Uranus au TV prin cablu şi baie privată cu duş. Includ şi un mini-frigider.\r\n\r\nLa mai puţin de 1 minut pe jos de proprietate se poate găsi un restaurant şi un supermarket. Parcul Gării de Nord este la 2 minute de mers pe jos. Palatul Parlamentului şi Parcul Cişmigiu se află la 15 minute de mers pe jos.'),
	(42, 'Astoria City Center', 'Trei Stele', 9, 'astoria.jpg', ' Hotelul Astoria este situat direct în centrul oraşului Iaşi, aproape de multe atracţii istorice. Gara principală este la 5 minute distanţă şi alte legături de public transport sunt la o plimbare de 5 minute. Călătorie de la Aeroportul Internaţional durează aproximativ 20 de minute.\r\nHotelul Astoria pune la dispozitia oaspetilor 55 de camere impartite in  camere twin ,duble , triple si single. Facilitati hotel : Restaurant,Centru Spa si Wellness,Zona pentru fumatori,Camera de bagaje,Seif,Parcare'),
	(43, 'Arnia', 'Trei Stele', 9, 'arnia.jpg', 'Hotelul Arnia este situat in centrul orașului Iași, vis a vis de Billa Gară, aproape de principalele puncte de afaceri și de interes turistic, la numai 500 de metri de Gara Centrală Iași, 850 de metri de Piața Unirii, la 20 de minute față de Aeroportul Iași.\r\nFacilitati hotel: Restaurantul Arnia ofera in fiecare dimineata un mic dejun continental.\r\nHotelul pune la dispoziția oaspetilor 2 săli moderne echipate și cu variate opțiuni de set-up. Ambele săli sunt situate la primul etaj al hotelului .'),
	(44, 'Grand Hotel Traian', 'Patru Stele', 9, 'grandtraian.jpg', 'Acest hotel luxos istoric beneficiază de o locaţie excepţională în Piaţa Unirii din Iaşi, la 10 minute de mers pe jos de Teatrul Naţional, Biserica Mitropolitană şi de principalele puncte de atracţie ale oraşului.\r\nGrand Hotel Traian oferă acces gratuit la internet WiFi în toate zonele sale şi o atmosferă unică, creată de combinaţia dintre confortul modern şi eleganţa tradiţională, având o istorie fascinantă şi facilităţi moderne.\r\nCamerele şi suitele confortabile şi elegante sunt decorate în nuanţe luminoase de auriu şi albastru cu mobilier clasic şi facilităţi moderne.'),
	(45, 'Belleville', 'Trei Stele', 9, 'belleville.jpg', 'Hotel Belleville se află în Iași, la doar 400 de metri de centrul comercial Iulius Mall și la 3 km de gară. Proprietatea oferă WiFi gratuit şi parcare gratuită.\r\nToate camerele sunt spațioase și au podea din lemn, mobilier din lemn de culoare închisă și TV LCD cu canale românești și internaționale. Sunt disponibile și facilităţi de călcat. Băile private cu gresie sunt dotate cu duş sau cadă, uscător de păr şi papuci.\r\nProprietatea serveşte un mic dejun tip bufet în fiecare dimineaţă. Oaspeții pot savura ceai și cafea gratuite pe tot parcursul sejurului.'),
	(46, 'B House Rooms', 'Trei Stele', 9, 'houseroom.jpg', 'Hotelul B House Rooms oferă cazare cu WiFi gratuit și servicii de concierge. Toate camerele au TV cu ecran plat cu canale prin cablu și baie privată. Hotelul oferă parcare privată gratuită și serviciu de închirieri auto pentru cei care doresc să exploreze zona înconjurătoare.\r\nCamerele hotelului sunt prevăzute cu aer condiționat și dulap.\r\nPunctele de atracție renumite situate aproape de B House Rooms includ Opera Națională Română Iași, Palatul Culturii și Teatrul Național Vasile Alecsandri. Cel mai apropiat aeroport este Aeroportul Internațional Iași, aflat la 4 km de proprietate.'),
	(47, 'Piemonte', 'Patru Stele', 10, 'piemonte.jpg', 'Hotelul Piemonte, situat in statiunea turistica Predeal, la 2 minute de gara si 10 minute de partia de ski, este locul ideal pentru vacante reusite si organizarea de intalniri de afaceri. Hotel Piemonte, impreuna cu varietatea peisajelor, flora si fauna ce il inconjoara, poate asigura echilibrul intre relaxare si distractie.\r\nHotelul Piemonte,sta la dispozitia turistilor  cu spatii de cazare de 4 stele dar si camere de 3 stele.Are un total de 62 spatii de cazare dintre care 4 apartamente cu jacuzii iar restul camerelor duble twin/matrimoniale,superior/economy.'),
	(48, 'Rozmarin', 'Patru Stele', 10, 'rozmarin.jpg', 'Hotelul Rozmarin din Predeal este aproape de Stadionul Orăşenesc. Oferă unităţi de cazare renovate frumos, cu acces gratuit la internet Wi-Fi.\r\nOaspeţii au la dispoziţie locuri de parcare gratuite. Hotelul Rozmarin include un lounge pentru mic dejun, o terasă, o zonă de fitness şi o cadă cu hidromasaj. De asemenea, există o saună şi şezlonguri.\r\nRestaurantul serveşte micul dejun şi preparate din bucătăria tradiţională românească, însoţite de vinuri din crama hotelului.'),
	(49, 'Dragului', 'Trei Stele', 10, 'dragului.jpg', 'Înconjurat de Munţii Bucegi şi Piatra Mare, Hotel Dragului este situat în Predeal, la 500 m de pârtia de schi Clăbucet. Oferă camere amenajate individual şi dotate cu acces Wi-Fi gratuit.\r\nRestaurantul, care are o terasă de vară, serveşte mâncăruri din bucătăria românească, precum şi preparate internaţionale.\r\n\r\nÎn apropierea Hotelului Dragului se gaseste  un cadru natural nealterat, unde se pot face drumeţii sau ciclism montan.'),
	(50, 'Orizont', 'Patru Stele', 10, 'orizont.jpg', 'Situat la marginea oraşului Predeal, Hotelul Orizont pune la dispoziție o zonă de spa şi camere cu aer condiţionat, acces gratuit la internet WiFi şi TV cu ecran plat. Hotelul are un restaurant care servește preparate din bucătăria internațională și un restaurant românesc.\r\nCamerele Hotelului Orizont au mobilier modern. Acestea includ o baie cu articole de toaletă gratuite şi uscător de păr. Unele unități au zonă de relaxare sau canapea.\r\nFacilitățile hotelului includ un bar. Acest hotel oferă parcare privată gratuită, iar gara se află la 1 km.'),
	(51, 'Belvedere', 'Trei Stele', 10, 'belvedere.jpg', 'Hotelul Belvedere este situat în stațiunea Predeal, într-o locație înconjurată de munții Bucegi, Postăvarul și Piatra Mare. Acesta este prevăzut cu o terasă cu vedere impresionantă, facilități de spa și WiFi gratuit în zonele publice.\r\nCamerele elegante au minibar, TV prin cablu și baie privată cu duș și articole de toaletă gratuite.\r\nOaspeții pot alege din preparatele internaționale servite la restaurantul Hotelului Belvedere însoțite de un vin sau se pot relaxa pe terasă, admirând vederea panoramică la stațiune.');
/*!40000 ALTER TABLE `hotel` ENABLE KEYS */;

-- Dumping structure for table rezervari_hoteliere.plata
CREATE TABLE IF NOT EXISTS `plata` (
  `id_rezervare` int(11) NOT NULL DEFAULT 0,
  `valoare_totala` int(11) NOT NULL DEFAULT 0,
  `id` int(10) NOT NULL AUTO_INCREMENT,
  PRIMARY KEY (`id`)
) ENGINE=InnoDB AUTO_INCREMENT=26 DEFAULT CHARSET=utf8mb4;

-- Dumping data for table rezervari_hoteliere.plata: ~25 rows (approximately)
/*!40000 ALTER TABLE `plata` DISABLE KEYS */;
INSERT INTO `plata` (`id_rezervare`, `valoare_totala`, `id`) VALUES
	(43, 4320, 1),
	(46, 1520, 2),
	(44, 680, 3),
	(50, 780, 4),
	(52, 1480, 5),
	(51, 1360, 6),
	(49, 1800, 7),
	(47, 1120, 8),
	(53, 1360, 9),
	(53, 1360, 10),
	(53, 1360, 11),
	(53, 1360, 12),
	(53, 1360, 13),
	(53, 1360, 14),
	(53, 1360, 15),
	(53, 1360, 16),
	(53, 1360, 17),
	(53, 1360, 18),
	(53, 1360, 19),
	(53, 1360, 20),
	(53, 1360, 21),
	(54, 1480, 22),
	(49, 1800, 23),
	(53, 1360, 24),
	(92, 778, 25);
/*!40000 ALTER TABLE `plata` ENABLE KEYS */;

-- Dumping structure for table rezervari_hoteliere.poze_camera
CREATE TABLE IF NOT EXISTS `poze_camera` (
  `id_camera` int(10) NOT NULL,
  `poze_camere` varchar(100) NOT NULL
) ENGINE=InnoDB DEFAULT CHARSET=utf8mb4;

-- Dumping data for table rezervari_hoteliere.poze_camera: ~389 rows (approximately)
/*!40000 ALTER TABLE `poze_camera` DISABLE KEYS */;
INSERT INTO `poze_camera` (`id_camera`, `poze_camere`) VALUES
	(1, 'vega_dubla_1.jpg'),
	(1, 'vega_dubla_2.jpg'),
	(1, 'vega_dubla_3.jpg'),
	(2, 'vega_familie_1.jpg'),
	(2, 'vega_familie_2.jpg'),
	(2, 'vega_familie_3.jpg'),
	(3, 'vega_superioara_1.jpg'),
	(3, 'vega_superioara_2.jpg'),
	(3, 'vega_superioara_3.jpg'),
	(3, 'vega_superioara_4.jpg'),
	(4, 'aurora_dubla_1.jpg'),
	(4, 'aurora_dubla_2.jpg'),
	(6, 'alcor_dubla_1.jpg'),
	(5, 'aurora_fam.jpg'),
	(6, 'alcor_dubla_2.jpg'),
	(6, 'alcor_dubla_3.jpg'),
	(7, 'alcor_twin_1.jpg'),
	(7, 'alcor_twin_2.jpg'),
	(7, 'alcor_twin_3.jpg'),
	(8, 'alcor_apartament_1.jpg'),
	(8, 'alcor_apartament_2.jpg'),
	(8, 'alcor_apartament_3.jpg'),
	(9, 'malibu_twin_1.jpg'),
	(9, 'malibu_twin_2.jpg'),
	(9, 'malibu_twin_3.jpg'),
	(10, 'malibu_dubla_1.jpg'),
	(10, 'malibu_dubla_2.jpg'),
	(10, 'malibu_dubla_3.jpg'),
	(11, 'malibu_apartament_3.jpg'),
	(11, 'malibu_apartament_2.jpg'),
	(11, 'malibu_apartament_1.jpg'),
	(11, 'malibu_apartament_4.jpg'),
	(12, 'victoria_familie_1.jpg'),
	(12, 'victoria_familie_2.jpg'),
	(12, 'victoria_familie_3.jpg'),
	(13, 'victoria_twin.jpg'),
	(13, 'victoria_twin_2.jpg'),
	(14, 'victoria_dubla_1.jpg'),
	(14, 'victoria_dubla_2.jpg'),
	(15, 'alpin_dubla_1.jpg'),
	(15, 'alpin_dubla_2.jpg'),
	(16, 'alpin_deluxe_1.jpg'),
	(16, 'alpin_deluxe.jpg'),
	(17, 'alpin_executive_1.jpg'),
	(17, 'alpin_executive_2.jpg'),
	(17, 'alpin_executive_3.jpg'),
	(18, 'aro_dubla_1.jpg'),
	(18, 'aro_dubla_2.jpg'),
	(19, 'aro_twin.jpg'),
	(19, 'aro_twin_1.jpg'),
	(20, 'aro_apartament.jpg'),
	(20, 'aro_apartament_1.jpg'),
	(20, 'aro_apartament_2.jpg'),
	(21, 'belfort_single.jpg'),
	(22, 'belfort_deluxe_1.jpg'),
	(22, 'belfort_deluxe_2.jpg'),
	(22, 'belfort_deluxe_3.jpg'),
	(23, 'belfort_dubla.jpg'),
	(23, 'belfort_dubla_1.jpg'),
	(24, 'decebal_twin_1.jpg'),
	(24, 'decebal_twin_2.jpg'),
	(24, 'decebal_twin_3.jpg'),
	(25, 'decebal_dubla_1.jpg'),
	(25, 'decebal_dubla_2.jpg'),
	(25, 'decebal_dubla_3.jpg'),
	(26, 'aurelius_superior_1.jpg'),
	(26, 'aurelius_superior_2.jpg'),
	(26, 'aurelius_superior_3.jpg'),
	(26, 'aurelius_superior_4.jpg'),
	(27, 'aurelius_deluxe_1.jpg'),
	(27, 'aurelius_deluxe_2.jpg'),
	(27, 'aurelius_deluxe_3.jpg'),
	(27, 'aurelius_deluxe_4.jpg'),
	(28, 'aurelius_apartament.jpg'),
	(28, 'aurelius_apartament_1.jpg'),
	(28, 'aurelius_apartament_2.jpg'),
	(28, 'aurelius_apartament_3.jpg'),
	(29, 'international_twin_1.jpg'),
	(29, 'international_twin_2.jpg'),
	(29, 'intern_twin.jpg'),
	(30, 'international_junior.jpg'),
	(31, 'international_executive_1.jpg'),
	(31, 'international_executive_2.jpg'),
	(31, 'international_executive.jpg'),
	(32, 'sinaia_dubla_1.jpg'),
	(32, 'sinaia_dubla_2.jpg'),
	(32, 'sinaia_dubla_3.jpg'),
	(33, 'sinaia_tripla_1.jpg'),
	(33, 'sinaia_tripla.jpg'),
	(33, 'sinaia_tripla_2.jpg'),
	(34, 'sinaia_familie_1.jpg'),
	(34, 'sinaia_familie_2.jpg'),
	(34, 'sinaia_familie_3.jpg'),
	(34, 'sinaia_familie_4.jpg'),
	(35, 'anda_twin_1.jpg'),
	(35, 'anda_twin_2.jpg'),
	(35, 'anda_dubla.jpg'),
	(36, 'anda_dubla_1.jpg'),
	(36, 'anda_dubla_2.jpg'),
	(36, 'anda_twin.jpg'),
	(37, 'mara_standard_1.jpg'),
	(37, 'mara_standard.jpg'),
	(38, 'mara_dubla_1.jpg'),
	(38, 'mara_dubla_2.jpg'),
	(38, 'mara_dubla.jpg'),
	(39, 'mara_familie_1.jpg'),
	(39, 'mara_familie_2.jpg'),
	(39, 'mara_familie_3.jpg'),
	(39, 'mara_familie.jpg'),
	(40, 'marea_dubla_1.jpg'),
	(40, 'marea_dubla_2.jpg'),
	(40, 'marea_dubla.jpg'),
	(41, 'marea_twin_1.jpg'),
	(41, 'marea_twin_2.jpg'),
	(41, 'marea_twin.jpg'),
	(42, 'marea_standard_1.jpg'),
	(42, 'marea_standard_2.jpg'),
	(42, 'marea_standard_3.jpg'),
	(42, 'marea_standard.jpg'),
	(43, 'silva_familie_1.jpg'),
	(43, 'silva_familie.jpg'),
	(44, 'silva_twin_1.jpg'),
	(44, 'silva_twin_2.jpg'),
	(44, 'silva_twin.jpg'),
	(45, 'silva_apartament_1.jpg'),
	(45, 'silva_apartament_2.jpg'),
	(45, 'silva_apartament_3.jpg'),
	(45, 'silva_apartament.jpg'),
	(46, 'marasesti_dubla_1.jpg'),
	(46, 'marasesti_dubla.jpg'),
	(47, 'marasesti_tripla_1.jpg'),
	(47, 'marasesti_tripla.jpg'),
	(48, 'marasesti_apartament_1.jpg'),
	(48, 'marasesti_apartament_2.jpg'),
	(48, 'marasesti_apartament.jpg'),
	(49, 'iri_tripla_1.jpg'),
	(49, 'iri_tripla_2.jpg'),
	(49, 'iri_tripla_3.jpg'),
	(49, 'iri_tripla.jpg'),
	(50, 'iri_twin_1.jpg'),
	(50, 'iri_twin.jpg'),
	(51, 'iri_apartament_1.jpg'),
	(51, 'iri_apartament_2.jpg'),
	(51, 'iri_apartament.jpg'),
	(52, 'cppi_twin.jpg'),
	(53, 'kayus_dubla_1.jpg'),
	(53, 'kayus_dubla_2.jpg'),
	(53, 'kayus_dubla_3.jpg'),
	(53, 'kayus_dubla.jpg'),
	(54, 'kayus_deluxe_1.jpg'),
	(54, 'kayus_deluxe_2.jpg'),
	(54, 'kayus_deluxe_3.jpg'),
	(54, 'kayus_deluxe.jpg'),
	(55, 'kayus_familie_2.jpg'),
	(55, 'kayus_familie.jpg'),
	(55, 'kayus_familie_1.jpg'),
	(56, 'yael_deluxe_2.jpg'),
	(56, 'yael_deluxe_3.jpg'),
	(56, 'yael_apdeluxe.jpg'),
	(56, 'yael_deluxe_1.jpg'),
	(57, 'yael_studio_2.jpg'),
	(57, 'yael_studio_3.jpg'),
	(57, 'yael_studio_4.jpg'),
	(57, 'yael_studio_1.jpg'),
	(58, 'yael_standard_2.jpg'),
	(58, 'yael_standard_3.jpg'),
	(58, 'yael_standard_4.jpg'),
	(58, 'yael_standard.jpg'),
	(58, 'yael_standard_1.jpg'),
	(59, 'nevada_dubla_2.jpg'),
	(59, 'nevada_dubla_3.jpg'),
	(59, 'nevada_dubla.jpg'),
	(59, 'nevada_dubla_1.jpg'),
	(60, 'nevada_twin_2.jpg'),
	(60, 'nevada_twin.jpg'),
	(60, 'nevada_twin_1.jpg'),
	(61, 'nevada_familie_2.jpg'),
	(61, 'nevada_familie.jpg'),
	(61, 'nevada_familie_1.jpg'),
	(62, 'megalos_twin_2.jpg'),
	(62, 'megalos_twin.jpg'),
	(62, 'megalos_twin_1.jpg'),
	(63, 'megalos_familie_2.jpg'),
	(63, 'megalos_familie_1.jpg'),
	(63, 'megalos_familie.jpg'),
	(64, 'royal_twin_1.jpg'),
	(64, 'royal_twin.jpg'),
	(65, 'royal_dubla.jpg'),
	(65, 'royal_dubla_1.jpg'),
	(66, 'royal_apartament_1.jpg'),
	(66, 'royal_apartament.jpg'),
	(67, 'carol_queen_2.jpg'),
	(67, 'carol_queen.jpg'),
	(67, 'carol_queen_1.jpg'),
	(68, 'carol_king.jpg'),
	(68, 'carol_king_2.jpg'),
	(68, 'carol_king_1.jpg'),
	(69, 'carol_apartament_2.jpg'),
	(69, 'carol_apartament_1.jpg'),
	(69, 'carol_apartament.jpg'),
	(70, 'florentina_single.jpg'),
	(70, 'florentina_single_1.jpg'),
	(71, 'florentina_dubla.jpg'),
	(71, 'florentina_dubla_2.jpg'),
	(71, 'florentina_dubla_1.jpg'),
	(72, 'atena_dubla.jpg'),
	(73, 'atena_deluxe_2.jpg'),
	(73, 'atena_deluxe.jpg'),
	(73, 'atena_deluxe_1.jpg'),
	(74, 'dotro_familie_2.jpg'),
	(74, 'dotro_familie_3.jpg'),
	(74, 'dotro_familie.jpg'),
	(74, 'dotro_familie_1.jpg'),
	(75, 'dotro_tripla_1.jpg'),
	(75, 'dotro_tripla_2.jpg'),
	(75, 'dotro_tripla_3.jpg'),
	(75, 'dotro_tripla.jpg'),
	(76, 'dotro_cvadrupla.jpg'),
	(76, 'dotro_cva_1.jpg'),
	(76, 'dotro_cva_2.jpg'),
	(77, 'poienita_twin.jpg'),
	(78, 'poienita_dubla.jpg'),
	(79, 'poienita_tripla.jpg'),
	(80, 'aqua_dubla_2.jpg'),
	(80, 'aqua_dubla.jpg'),
	(80, 'aqua_dubla_1.jpg'),
	(81, 'aqua_deluxe_2.jpg'),
	(81, 'aqua_deluxe_4.jpg'),
	(81, 'aqua_deluxe.jpg'),
	(82, 'atlantic_king_2.jpg'),
	(82, 'atlantic_king_1.jpg'),
	(82, 'atlantic_king.jpg'),
	(83, 'atlantic_tripla_2.jpg'),
	(83, 'atlantic_tripla_1.jpg'),
	(83, 'atlantic_tripla.jpg'),
	(84, 'atlantic_familie.jpg'),
	(84, 'atlantic_familie_1.jpg'),
	(85, 'intercity_apartament_2.jpg'),
	(85, 'intercity_apartament_3.jpg'),
	(85, 'intercity_apartament_4.jpg'),
	(85, 'intercity_apartament.jpg'),
	(85, 'intercity_apartament_1.jpg'),
	(86, 'beyfin_single.jpg'),
	(86, 'beyfin_single_2.jpg'),
	(86, 'beyfin_single_1.jpg'),
	(87, 'beyfin_dubla.jpg'),
	(87, 'beyfin_dubla_1.jpg'),
	(88, 'beyfin_twin.jpg'),
	(88, 'beyfin_twin_2.jpg'),
	(88, 'beyfin_twin_1.jpg'),
	(89, 'zero_dubla_2.jpg'),
	(89, 'zero_dubla_3.jpg'),
	(89, 'zero_dubla.jpg'),
	(89, 'zero_dubla_1.jpg'),
	(90, 'zero_tripla_2.jpg'),
	(90, 'zero_tripla_1.jpg'),
	(90, 'zero_tripla.jpg'),
	(91, 'zero_twin.jpg'),
	(91, 'zero_twin_1.jpg'),
	(92, 'sunny_twin_2.jpg'),
	(92, 'sunny_twin.jpg'),
	(92, 'sunny_twin_1.jpg'),
	(93, 'sunny_queen_2.jpg'),
	(93, 'sunny_queen.jpg'),
	(93, 'sunny_queen_1.jpg'),
	(94, 'sunny_cvadrupla.jpg'),
	(94, 'sunny_cva_1.jpg'),
	(94, 'sunny_cva_2.jpg'),
	(95, 'ringrand_superioara_2.jpg'),
	(95, 'ringrand_superioara.jpg'),
	(95, 'ringrand_superioara_1.jpg'),
	(96, 'ringrand_standard_2.jpg'),
	(96, 'ringrand_standard_1.jpg'),
	(96, 'ringrand_standard.jpg'),
	(97, 'ringrand_twin_2.jpg'),
	(97, 'ringrand_twin_3.jpg'),
	(97, 'ringrand_twin_1.jpg'),
	(98, 'ambasasor_dubla_2.jpg'),
	(98, 'ambasador_dubla.jpg'),
	(98, 'ambasador_dubla_1.jpg'),
	(99, 'ambasador_twin.jpg'),
	(99, 'ambasador_twin_2.jpg'),
	(99, 'ambasador_twin_1.jpg'),
	(100, 'ambasador_single_2.jpg'),
	(100, 'ambasador_single_3.jpg'),
	(100, 'ambasador_single_4.jpg'),
	(100, 'ambasador_single_1.jpg'),
	(101, 'michelangelo_standard.jpg'),
	(101, 'michelangelo_standard_1.jpg'),
	(101, 'michelangelo_standard_2.jpg'),
	(102, 'michelangelo_single.jpg'),
	(103, 'michelangelo_superioara.jpg'),
	(103, 'michelangelo_superioara_1.jpg'),
	(104, 'yesterday_single.jpg'),
	(104, 'yesterday_single_1.jpg'),
	(105, 'yesterday_dubla_2.jpg'),
	(105, 'yesterday_dubla.jpg'),
	(105, 'yesterday_dubla_1.jpg'),
	(106, 'yesterday_twin.jpg'),
	(106, 'yesterday_twin_1.jpg'),
	(107, 'uranus_single_1.jpg'),
	(107, 'uranus_single.jpg'),
	(108, 'uranus_dubla.jpg'),
	(109, 'uranus_tripla.jpg'),
	(110, 'astoria_twin_1.jpg'),
	(110, 'astoria_twin.jpg'),
	(111, 'astoria_dubla_1.jpg'),
	(111, 'astoria_dubla.jpg'),
	(112, 'astoria_tripla.jpg'),
	(113, 'arnia_dubla_3.jpg'),
	(113, 'arnia_dubla.jpg'),
	(113, 'arnia_dubla_1.jpg'),
	(114, 'arnia_twin_2.jpg'),
	(114, 'arnia_twin_3.jpg'),
	(114, 'arnia_twin.jpg'),
	(114, 'arnia_twin_1.jpg'),
	(115, 'arnia_familie_2.jpg'),
	(115, 'arnia_familie.jpg'),
	(115, 'arnia_familie_1.jpg'),
	(116, 'traian_deluxe_2.jpg'),
	(116, 'traian_deluxe.jpg'),
	(116, 'traian_deluxe_1.jpg'),
	(117, 'traian_single_2.jpg'),
	(118, 'traian_apartament_2.jpg'),
	(117, 'traian_single.jpg'),
	(117, 'traian_single_1.jpg'),
	(118, 'traian_apartament_1.jpg'),
	(118, 'traian_apartament.jpg'),
	(119, 'belevile_dubla_2.jpg'),
	(119, 'belevile_dubla_3.jpg'),
	(119, 'belevile_dubla.jpg'),
	(119, 'belevile_dubla_1.jpg'),
	(120, 'belevile_twin.jpg'),
	(120, 'belevile_twin_1.jpg'),
	(120, 'belevile_twin_2.jpg'),
	(121, 'belevile_familie_1.jpg'),
	(121, 'belevile_familie.jpg'),
	(122, 'house_dubla_2.jpg'),
	(122, 'house_dubla.jpg'),
	(122, 'house_dubla_1.jpg'),
	(124, 'house_single_2.jpg'),
	(124, 'house_single.jpg'),
	(124, 'house_single_1.jpg'),
	(123, 'house_tripla.jpg'),
	(125, 'piemonte_dubla_2.jpg'),
	(125, 'piemonte_dubla_3.jpg'),
	(125, 'piemonte_dubla.jpg'),
	(125, 'piemonte_dubla_1.jpg'),
	(126, 'piemonte_twin_2.jpg'),
	(126, 'piemonte_twin_1.jpg'),
	(127, 'piemonte_apartament_2.jpg'),
	(127, 'piemonte_apartament_3.jpg'),
	(127, 'piemonte_apartament.jpg'),
	(127, 'piemonte_apartament_1.jpg'),
	(128, 'rozmarin_dubla_2.jpg'),
	(128, 'rozmarin_dubla_3.jpg'),
	(128, 'rozmarin_dubla.jpg'),
	(128, 'rozmarin_dubla_1.jpg'),
	(129, 'rozmarin_familie_2.jpg'),
	(129, 'rozmarin_familie_3.jpg'),
	(129, 'rozmarin_familie.jpg'),
	(129, 'rozmarin_familie_1.jpg'),
	(130, 'dragului_dubla_2.jpg'),
	(130, 'dragului_dubla_3.jpg'),
	(130, 'dragului_dubla.jpg'),
	(130, 'dragului_dubla_1.jpg'),
	(132, 'dragului_king_2.jpg'),
	(132, 'dragului_king_3.jpg'),
	(132, 'dragului_king.jpg'),
	(132, 'dragului_king_1.jpg'),
	(131, 'dragului_twin_2.jpg'),
	(131, 'dragului_twin.jpg'),
	(131, 'dragului_twin_1.jpg'),
	(133, 'orizont_dubla_1.jpg'),
	(133, 'orizont_dubla.jpg'),
	(134, 'orizont_twin_2.jpg'),
	(134, 'orizont_twin.jpg'),
	(134, 'orizont_twin_1.jpg'),
	(135, 'orizont_king_2.jpg'),
	(135, 'orizont_king_3.jpg'),
	(135, 'orizont_king.jpg'),
	(135, 'orizont_king_1.jpg'),
	(136, 'belvedere_twin.jpg'),
	(136, 'belvedere_twin_1.jpg'),
	(137, 'belvedere_dubla.jpg'),
	(137, 'belvedere_dubla_1.jpg'),
	(138, 'belvedere_apartament_2.jpg'),
	(138, 'belvedere_apartament.jpg'),
	(138, 'belvedere_apartament_1.jpg');
/*!40000 ALTER TABLE `poze_camera` ENABLE KEYS */;

-- Dumping structure for table rezervari_hoteliere.rezervare
CREATE TABLE IF NOT EXISTS `rezervare` (
  `id_rezervare` int(10) NOT NULL AUTO_INCREMENT,
  `id_subt_camera` int(10) NOT NULL,
  `id_client` int(10) NOT NULL,
  `adulti` varchar(30) NOT NULL,
  `copii` varchar(30) NOT NULL,
  `check_in` date NOT NULL,
  `check_out` date NOT NULL,
  `stadiu` varchar(30) NOT NULL,
  PRIMARY KEY (`id_rezervare`)
) ENGINE=InnoDB AUTO_INCREMENT=95 DEFAULT CHARSET=utf8mb4;

-- Dumping data for table rezervari_hoteliere.rezervare: ~11 rows (approximately)
/*!40000 ALTER TABLE `rezervare` DISABLE KEYS */;
INSERT INTO `rezervare` (`id_rezervare`, `id_subt_camera`, `id_client`, `adulti`, `copii`, `check_in`, `check_out`, `stadiu`) VALUES
	(42, 29, 157, '2 adulti', 'fara copii', '2022-02-09', '2022-02-12', 'Confirmata'),
	(44, 50, 160, '1 adult', '2 copii', '2021-06-06', '2021-06-10', 'Confirmata'),
	(46, 29, 163, '2 adulti', '2 copii', '2021-07-30', '2021-08-03', 'Confirmata'),
	(49, 10, 166, '4 adulti', 'fara copii', '2021-06-05', '2021-06-09', 'Confirmata'),
	(50, 24, 167, '1 adult', '3 copii', '2021-05-12', '2021-05-18', 'Confirmata'),
	(51, 60, 157, '2 adulti', '2 copii', '2021-06-13', '2021-06-17', 'Confirmata'),
	(53, 132, 170, '2 adulti', '3 copii', '2021-08-16', '2021-08-20', 'Confirmata'),
	(54, 86, 169, '1 adult', 'fara copii', '2021-07-16', '2021-07-20', 'Confirmata'),
	(92, 2, 218, '2 adulti', 'fara copii', '2021-05-12', '2021-05-14', 'Neconfirmata'),
	(93, 6, 220, '2 adulti', '2 copii', '2021-09-14', '2021-09-18', 'Neconfirmata'),
	(94, 8, 222, '2 adulti', '1 copil', '2021-09-13', '2021-09-15', 'Neconfirmata');
/*!40000 ALTER TABLE `rezervare` ENABLE KEYS */;

-- Dumping structure for table rezervari_hoteliere.statiune
CREATE TABLE IF NOT EXISTS `statiune` (
  `id_statiune` int(10) NOT NULL AUTO_INCREMENT,
  `nume_statiune` varchar(30) NOT NULL,
  `regiune` varchar(30) NOT NULL,
  `relief` varchar(30) NOT NULL,
  `poza_statiune` varchar(100) NOT NULL,
  PRIMARY KEY (`id_statiune`)
) ENGINE=InnoDB AUTO_INCREMENT=16 DEFAULT CHARSET=utf8mb4;

-- Dumping data for table rezervari_hoteliere.statiune: ~10 rows (approximately)
/*!40000 ALTER TABLE `statiune` DISABLE KEYS */;
INSERT INTO `statiune` (`id_statiune`, `nume_statiune`, `regiune`, `relief`, `poza_statiune`) VALUES
	(1, 'Poiana Braşov', 'Transilvania', 'Munte', 'brasov.jpg'),
	(2, 'Mamaia', 'Dobrogea', 'Mare', 'mama.jpg'),
	(3, 'Sinaia', 'Transilvania', 'Munte', 'sinaia.jpg\r\n'),
	(4, 'Buşteni', 'Transilvania', 'Munte', 'busteni.jpg'),
	(5, 'Constanta', 'Dobrogea', 'Mare', 'constanta.jpg'),
	(6, 'Costinesti', 'Dobrogea', 'Mare', 'costinesti.jpg'),
	(7, 'Cluj Napoca', 'Transilvania', 'Campie', 'cluj.jpg'),
	(8, 'Bucuresti', 'Muntenia', 'Campie', 'bucuresti.jpg'),
	(9, 'Iasi', 'Moldova', 'Campie', 'iasi1.jpg'),
	(10, 'Predeal', 'Transilvania', 'Munte', 'belvedere.jpg');
/*!40000 ALTER TABLE `statiune` ENABLE KEYS */;

-- Dumping structure for table rezervari_hoteliere.subtip_camera
CREATE TABLE IF NOT EXISTS `subtip_camera` (
  `id_subt_camera` int(10) NOT NULL AUTO_INCREMENT,
  `subtip` varchar(50) NOT NULL,
  `id_camera` int(10) DEFAULT NULL,
  `poza` varchar(100) DEFAULT NULL,
  PRIMARY KEY (`id_subt_camera`)
) ENGINE=InnoDB AUTO_INCREMENT=10 DEFAULT CHARSET=utf8mb4;

-- Dumping data for table rezervari_hoteliere.subtip_camera: ~9 rows (approximately)
/*!40000 ALTER TABLE `subtip_camera` DISABLE KEYS */;
INSERT INTO `subtip_camera` (`id_subt_camera`, `subtip`, `id_camera`, `poza`) VALUES
	(1, ' Dublă 1', 27, 'aurelius_deluxe.jpg'),
	(2, ' Dublă 2', 27, 'aurelius_sub_2.jpg'),
	(3, 'Dublă 3', 27, 'aurelius_sub_3.jpg'),
	(4, 'Dublă 1', 87, 'beyfin_sdubla_1.jpg'),
	(5, 'Dublă 2', 87, 'beyfin_sdubla_2.jpg'),
	(6, 'Dublă 3', 87, 'beyfin_dubla.jpg'),
	(7, ' King 1', 132, 'dragului_sking_1.jpg'),
	(8, 'King 2', 132, 'dragului_sking_2.jpg'),
	(9, 'King 3', 132, 'dragului_sking_3.jpg'),
	(10, 'Dublă 1', 1, 'vega_sdubla_1.jpg'),
	(11, 'Dublă 2', 1, 'vega_sdubla_2.jpg'),
	(12, 'Dublă 3', 1, 'vega_sdubla_3.jpg'),
	(13, 'Famile 1', 2, 'vega_sfami_1.jpg'),
	(14, 'Familie 2', 2, 'vega_sfam_2.jpg'),
	(15, 'Familie 3', 2, 'vega_sfam_3.jpg'),
	(16, 'Superioară 1', 3, 'vega_superior_1.jpg'),
	(17, 'Superioară 2', 3, 'vega_superior_2.jpg'),
	(18, 'Superioară 3', 3, 'vega_superior_3.jpg'),
	(19, 'Dublă 1', 4, 'aurora_sdubla1.jpg'),
	(20, 'Dublă 2', 4, 'aurora_sdubla_2.jpg'),
	(21, 'Dublă 3', 4, 'aurora_sdubla_3.jpg'),
	(22, 'Familie 1', 5, 'aurora_sfam_1.jpg'),
	(23, 'Familie 2', 5, 'aurora_fam.jpg'),
	(24, 'Familie 3', 5, 'aurora_sdubla1.jpg'),
	(25, 'Dublă 1', 6, 'alcor_sdubla_1.jpg'),
	(26, 'Dublă 2', 6, 'alcor_sdubla_2.jpg'),
	(27, 'Dublă 3', 6, 'alcor_sdubla_4.jpg'),
	(28, 'Twin 1', 7, 'alcor_stwin_1.jpg'),
	(29, 'Twin 2', 7, 'alcor_stwin_2.jpg'),
	(30, 'Twin 3', 7, 'alcor_stwin_3.jpg'),
	(31, 'Apartament 1', 8, 'alcor_sap_1.jpg'),
	(32, 'Apartament 2', 8, 'alcor_sap_2.jpg'),
	(33, 'Apartament 3', 8, 'alcor_sap_3.jpg'),
	(34, 'Twin 1', 9, 'malibu_stwin_1.jpg'),
	(35, 'Twin 2', 9, 'malibu_stwin_2.jpg'),
	(36, 'Twin 3', 9, 'malibu_stwin_3.jpg'),
	(37, 'Dublă 1', 10, 'malibu_sdubla_1.jpg'),
	(38, 'Dublă 2', 10, 'malibu_sdubla_2.jpg'),
	(39, 'Dublă 3', 10, 'malibu_sdubla_3.jpg'),
	(40, 'Apartament 1', 11, 'malibu_sap_1.jpg'),
	(41, 'Apartament 2', 11, 'malibu_sap_2.jpg'),
	(42, 'Apartament 3', 11, 'malibu_sap_3.jpg'),
	(43, 'Familie 1', 12, 'victoria_sfam_1.jpg'),
	(44, 'Familie 2', 12, 'victoria_sfam_2.jpg'),
	(45, 'Familie 3', 12, 'victoria_sfam_3.jpg'),
	(46, 'Twin 1', 13, 'victoria_stwin_1.jpg'),
	(47, 'Twin 2', 13, 'victoria_stwin_2.jpg'),
	(48, 'Twin 3', 13, 'victoria_stwin_3.jpg'),
	(49, 'Dublă 1', 14, 'victoria_sdubla_1.jpg'),
	(50, 'Dublă 2', 14, 'victoria_sdubla_2.jpg'),
	(51, 'Dublă 3', 14, 'victoria_stwin_1.jpg'),
	(52, 'Dublă 1', 15, 'alpin_sdubla_1.jpg'),
	(53, 'Dublă 2', 15, 'alpin_sdubla_2.jpg'),
	(54, 'Dublă 3', 15, 'alpin_sdubla_3.jpg'),
	(55, 'Deluxe 1', 16, 'alpin_deluxe_1.jpg'),
	(56, 'Deluxe 2', 16, 'alpin_deluxe.jpg'),
	(57, 'Deluxe 3', 16, 'alpin_sdeluxe_3.jpg'),
	(58, 'Executive 1', 17, 'alpin_sap_1.jpg'),
	(59, 'Executive 2', 17, 'alpin_sap_2.jpg'),
	(60, 'Executive 3', 17, 'alpin_sap_3.jpg'),
	(61, 'Dublă 1', 18, 'aro_sdubla_1.jpg'),
	(62, 'Dublă 2', 18, 'aro_sdubla_2.jpg'),
	(63, 'Dublă 3', 18, 'aro_sdubla_3.jpg'),
	(64, 'Twin 1', 19, 'aro_stwin_1.jpg'),
	(65, 'Twin 2', 19, 'aro_stwin_2.jpg'),
	(66, 'Twin 3', 19, 'aro_sdubla_3.jpg'),
	(67, 'Apartament 1', 20, 'aro_sap_1.jpg'),
	(68, 'Apartament 2', 20, 'aro_apartament.jpg'),
	(69, 'Apartament 3', 20, 'aro_apartament_2.jpg'),
	(70, 'Single 1', 21, 'belfort_ssingle_1.jpg'),
	(71, 'Single 2', 21, 'belfort_ssingle_2.jpg'),
	(72, 'Single 3', 21, 'belfort_ssingle_2.jpg'),
	(73, 'Deluxe 1', 22, 'belfor_sdubla_1.jpg'),
	(74, 'Deluxe 2', 22, 'belfort_ssingle_1.jpg'),
	(75, 'Deluxe 3', 22, 'belofrt_ssdubla_3.jpg'),
	(76, 'Dublă 1', 23, 'belfort_sfam_1.jpg'),
	(77, 'Dublă 2', 23, 'belfort_sfam_2.jpg'),
	(78, 'Dublă 3', 23, 'belfort_sfam_3.jpg'),
	(79, 'Twin 1', 24, 'decebal_stwin_1.jpg'),
	(80, 'Twin 2', 24, 'decebal_stwin_2.jpg'),
	(81, 'Twin 3', 24, 'decebal_stwin_3.jpg'),
	(82, 'Dublă 1', 25, 'decebal_sdubla_1.jpg'),
	(83, 'Dublă 2', 25, 'decebal_sdubla_2.jpg'),
	(84, 'Dublă 3', 25, 'decebal_sdubla_3.jpg'),
	(85, 'Superioară 1', 26, 'aurelius_ssup_1.jpg'),
	(86, 'Superioară 2', 26, 'aurelius_ssup_2.jpg'),
	(87, 'Superioară 3', 26, 'aurelius_ssup_3.jpg'),
	(88, 'Apartament 1', 28, 'aurelius_sap_1.jpg'),
	(89, 'Apartament 2', 28, 'aurelius_sap_2.jpg'),
	(90, 'Apartament 3', 28, 'aurelius_sap_3.jpg'),
	(91, 'Twin 1', 29, 'international_stwin_1.jpg'),
	(92, 'Twin 2', 29, 'international_stwin_2.jpg'),
	(93, 'Twin 3', 29, 'international_stwin_3.jpg'),
	(94, 'Junior 1', 30, 'international_sjunior_1.jpg'),
	(95, 'Junior 2', 30, 'international_sjunior_2.jpg'),
	(96, 'Junior 3', 30, 'international_sjunior_3.jpg'),
	(97, 'Executive 1', 31, 'international_executive_1.jpg'),
	(98, 'Executive 2', 31, 'international_executive_2.jpg'),
	(99, 'Excutive 3', 31, 'international_executive.jpg'),
	(100, 'Dublă 1', 32, 'sinaia_sdubla_1.jpg'),
	(101, 'Dublă 2', 32, 'sinaia_dubla_2.jpg'),
	(102, 'Dublă 3', 32, 'sinaia_sdubla_3.jpg'),
	(103, 'Triplă 1', 33, 'sinaia_tripla_1.jpg'),
	(104, 'Triplă 2', 33, 'sinaia_stripla_1.jpg'),
	(105, 'Triplă 3', 33, 'sinaia_stripla_3.jpg'),
	(106, 'Familie 1', 34, 'sinaia_sfam_1.jpg'),
	(107, 'Familie 2', 34, 'sinaia_sfam_2.jpg'),
	(108, 'Familie 3', 34, 'sinaia_familie_4.jpg'),
	(109, 'Twin 1', 35, 'anda_twin_1.jpg'),
	(110, ' Twin 2', 35, 'anda_twin_2.jpg'),
	(111, 'Twin 3', 35, 'anda_stwin.jpg'),
	(112, 'Dublă 1', 36, 'anda_sdubla.jpg'),
	(113, 'Dublă 2', 36, 'anda_dubla_1.jpg'),
	(114, 'Dublă 3', 36, 'anda_dubla_2.jpg'),
	(115, 'Dublă 1', 37, 'mara_standard_1.jpg'),
	(116, 'Dublă 2', 37, 'mara_standard.jpg'),
	(117, 'Dublă 3', 37, 'mara_sstandard.jpg'),
	(118, 'Deluxe 1', 38, 'mara_sdeluxe_1.jpg'),
	(119, 'Deluxe 2', 38, 'mara_dubla_1.jpg'),
	(120, 'Deluxe 3', 38, 'mara_sdeluxe.jpg'),
	(121, 'Familie 1', 39, 'mara_familie_1.jpg'),
	(122, 'Familie 2', 39, 'mara_familie_2.jpg'),
	(123, 'Familie 3', 39, 'mara_familie_3.jpg'),
	(124, 'Dublă 1', 40, 'marea_sdubla_2.jpg'),
	(125, 'Dublă 2', 40, 'marea_sdubla_1.jpg'),
	(126, 'Dublă 3', 40, 'marea_sdubla_3.jpg'),
	(127, 'Twin 1', 41, 'marea_twin_1.jpg'),
	(128, 'Twin 2', 41, 'marea_twin_2.jpg'),
	(129, 'Twin_3', 41, 'marea_twin.jpg'),
	(130, 'Dublă Standard 1', 42, 'marea_sdubla_2.jpg'),
	(131, 'Dublă Standard 2', 42, 'marea_sdubla_1.jpg'),
	(132, 'Dublă Standard 3', 42, 'marea_sdubla_3.jpg'),
	(133, 'Familie 1', 43, 'silva_sfam_1.jpg'),
	(134, 'Familie 2', 43, 'silva_sfam_2.jpg'),
	(135, 'Familie 3', 43, 'silva_sfam_3.jpg'),
	(136, 'Twin 1', 44, 'silva_twin_1.jpg'),
	(137, 'Twin 2', 44, 'silva_twin.jpg'),
	(138, 'Twin 3', 44, 'silva_stwin.jpg'),
	(139, 'Apartament 1', 45, 'silva_sap.jpg'),
	(140, 'Apartament 2', 45, 'silva_apartament_2.jpg'),
	(141, 'Apartament 3', 45, 'silva_apartament_3.jpg'),
	(142, 'Dublă 1', 46, 'marasesti_sdubla_1.jpg'),
	(143, 'Dublă 2', 46, 'marasesti_dubla.jpg'),
	(144, 'Dublă 3', 46, 'marasesti_sdubla_3.jpg'),
	(145, 'Triplă 1', 47, 'marasesti_stripla_1.jpg'),
	(146, 'Triplă 2', 47, 'marasesti_tripla_1.jpg'),
	(147, 'Triplă 3', 47, 'marasesti_tripla.jpg'),
	(148, 'Apartament 1', 48, 'marasesti_sap.jpg'),
	(149, 'Apartament 2', 48, 'marasesti_apartament_1.jpg'),
	(150, 'Apartament 3', 48, 'marasesti_apartament.jpg'),
	(151, 'Triplă 1', 49, 'iri_tripla.jpg'),
	(152, 'Triplă 1', 49, 'iri_tripla_2.jpg'),
	(153, 'Triplă 3', 49, 'iri_tripla_3.jpg'),
	(154, 'Twin 1', 50, 'iri_twin_1.jpg'),
	(155, 'Twin 2', 50, 'iri_twin.jpg'),
	(156, 'Twin 3', 50, 'iri_stwin.jpg'),
	(157, 'Apartament 1', 51, 'iri_apartament_1.jpg'),
	(158, 'Apartament 2', 51, 'iri_sap_.jpg'),
	(159, 'Apartament 3', 51, 'iri_sap_1.jpg'),
	(160, 'Twin 1', 52, 'cppi_twin.jpg'),
	(161, 'Twin 2', 52, 'cppi_stwin_1.jpg'),
	(162, 'Twin 3', 52, 'cppi_stwin.jpg'),
	(163, 'Dublă 1', 53, 'kayus_dubla.jpg'),
	(164, 'Dublă 2', 53, 'kayus_sdubla.jpg'),
	(165, 'Dublă 3', 53, 'kayus_sdubla_1.jpg'),
	(166, 'Deluxe 1', 54, 'kayus_deluxe_1.jpg'),
	(167, 'Deluxe 2', 54, 'kayus_deluxe_2.jpg'),
	(168, 'Deluxe 3', 54, 'kayus_deluxe.jpg'),
	(169, 'Familie 1', 55, 'kayus_familie.jpg'),
	(170, 'Familie 2', 55, 'kayus_familie_1.jpg'),
	(171, 'Familie 3', 55, 'kayus_familie_2.jpg'),
	(172, 'Deluxe 1', 56, 'yael_sap_1.jpg'),
	(173, 'Deluxe 2', 56, 'yael_sap_2.jpg'),
	(174, 'Deluxe 3', 56, 'yael_Sap_3.jpg'),
	(175, 'Studio 1', 57, 'yael_studio_1.jpg'),
	(176, 'Studio 2', 57, 'yael_studio_2.jpg'),
	(177, 'Studio 3', 57, 'yael_studio_4.jpg'),
	(178, 'Standard 1', 58, 'yael_standard_1.jpg'),
	(179, 'Standard 2', 58, 'yael_standard_2.jpg'),
	(180, 'Standard 3', 58, 'yael_standard_3.jpg'),
	(181, 'Dublă 1', 59, 'nevada_sdubla_1.jpg'),
	(182, 'Dublă 2', 59, 'nevada_sdubla_2.jpg'),
	(183, 'Dublă 3', 59, 'nevada_sdubla_3.jpg'),
	(184, 'Twin 1', 60, 'nevada_stwin_2.jpg'),
	(185, 'Twin 2', 60, 'nevada_stwin_1.jpg'),
	(186, 'Twin 3', 60, 'nevada_stwin_3.jpg'),
	(187, 'Familie 1', 61, 'nevada_familie_1.jpg'),
	(188, 'Familie 2', 61, 'nevada_familie.jpg'),
	(189, 'Familie 3', 61, 'nevada_familie_2.jpg'),
	(190, 'Twin 1', 62, 'megalos_stwin.jpg'),
	(191, 'Twin 2', 62, 'megalos_stwin_1.jpg'),
	(192, 'Twin 3', 62, 'megalos_stwin_2.jpg'),
	(193, 'Familie 1', 63, 'megalos_sfam.jpg'),
	(194, 'Familie 2', 63, 'megalos_sfam_1.jpg'),
	(195, 'Familie 3', 63, 'megalos_sfam_2.jpg'),
	(196, 'Twin 1', 64, 'royal_twin.jpg'),
	(197, 'Twin 2', 64, 'royal_twin_1.jpg'),
	(198, 'Twin 3', 64, 'royal_stwin.jpg'),
	(199, 'Dublă 1', 65, 'royal_dubla_1.jpg'),
	(200, 'Dublă 2', 65, 'royal_dubla.jpg'),
	(201, 'Dublă 3', 65, 'royal_sdubla.jpg'),
	(202, 'Apartament 1', 66, 'royal_apartament.jpg'),
	(203, 'Apartament 2', 66, 'royal_apartament_1.jpg'),
	(204, 'Apartament 3', 66, 'royal_sap.jpg'),
	(205, 'Queen 1', 67, 'carol_squeen.jpg'),
	(206, 'Queen 2', 67, 'carol_queen_2.jpg'),
	(207, 'Queen 3', 67, 'carol_queen.jpg'),
	(208, 'King 1', 68, 'carol_king_1.jpg'),
	(209, 'King 2', 68, 'carol_king.jpg'),
	(210, 'King 3', 68, 'carol_king_2.jpg'),
	(211, 'Apartament 1', 69, 'carol_apartament_1.jpg'),
	(212, 'Apartament 2', 69, 'carol_apartament.jpg'),
	(213, 'Apartament 3', 69, 'carol_apartament_2.jpg'),
	(214, 'Single 1', 70, 'florentina_single.jpg'),
	(215, 'Single 2', 70, 'florentina_single_1.jpg'),
	(216, 'Single 3', 70, 'florentina_ssingle.jpg'),
	(217, 'Dublă 1', 71, 'florentina_sdubla.jpg'),
	(218, 'Dublă 2', 71, 'florentina_sdubla_1.jpg'),
	(219, 'Dublă 3', 71, 'florentina_sdubla_2.jpg'),
	(220, 'Dublă 1', 72, 'atena_dubla.jpg'),
	(221, 'Dublă 2', 72, 'atena_sdubla.jpg'),
	(222, 'Dublă 3', 72, 'atena_sdubla_1.jpg'),
	(223, 'Deluxe 1', 73, 'atena_sdeluxe.jpg'),
	(224, 'Deluxe 2', 73, 'atena_sdeluxe_1.jpg'),
	(225, 'Deluxe 3', 73, 'atena_sdeluxe_2.jpg'),
	(226, 'Familie 1', 74, 'dotro_sfam.jpg'),
	(227, 'Familie 2', 74, 'dotro_sfam_1.jpg'),
	(228, 'Familie 3', 74, 'dotro_sfam_3.jpg'),
	(229, 'Triplă 1', 75, 'dotro_tripla.jpg'),
	(230, 'Triplă 2', 75, 'dotro_tripla_2.jpg'),
	(231, 'Triplă 3', 75, 'dotro_tripla_3.jpg'),
	(232, 'Cvadruplă 1', 76, 'dotro_cvadrupla.jpg'),
	(233, 'Cvadruplă 2', 76, 'dotro_cva_1.jpg'),
	(234, 'Cvadruplă 3', 76, 'dotro_scva.jpg'),
	(235, 'Twin 1', 77, 'poienita_stwin.jpg'),
	(236, 'Twin 2', 77, 'poienita_stwin_1.jpg'),
	(237, 'Twin 3', 77, 'poienita_stwin_2.jpg'),
	(238, 'Dublă 1', 78, 'poienita_dubla.jpg'),
	(239, 'Dublă 2', 78, 'poienita_sdubla.jpg'),
	(240, 'Dublă 3', 78, 'poienita_sdubla_2.jpg'),
	(241, 'Triplă 1', 79, 'poienita_tripla.jpg'),
	(242, 'Triplă 2', 79, 'poienita_stripla.jpg'),
	(243, 'Triplă 3', 79, 'poienita_stripla_1.jpg'),
	(244, 'Dublă 1', 80, 'aqua_sdubla.jpg'),
	(245, 'Dublă 2', 80, 'aqua_sdubla_1.jpg'),
	(246, 'Dublă 3', 80, 'aqua_sdubla_2.jpg'),
	(247, 'Deluxe 1', 81, 'aqua_sdeluxe.jpg'),
	(248, 'Deluxe 2', 81, 'aqua_sdeluxe_1.jpg'),
	(249, 'Deluxe 3', 81, 'aqua_sdeluxe_2.jpg'),
	(250, 'King 1', 82, 'atlantic_sking.jpg'),
	(251, 'King 2', 82, 'atlantic_sking_1.jpg'),
	(252, 'King 3', 82, 'atlantic_sking_2.jpg'),
	(253, 'Triplă 1', 83, 'atlantic_tripla_1.jpg'),
	(254, 'Triplă 2', 83, 'atlantic_tripla.jpg'),
	(255, 'Triplă 3', 83, 'atlantic_tripla_2.jpg'),
	(256, 'Familie 1', 84, 'atlantic_sfam.jpg'),
	(257, 'Familie 2', 84, 'atlantic_familie_1.jpg'),
	(258, 'Familie 3', 84, 'atlantic_familie.jpg'),
	(259, 'Apartament 1', 85, 'intercity_apartament_1.jpg'),
	(260, 'Apartament 2', 85, 'intercity_apartament.jpg'),
	(261, 'Apartament 3', 85, 'intercity_apartament_4.jpg'),
	(262, 'Single 1', 86, 'beyfin_single.jpg'),
	(263, 'Single 2', 86, 'beyfin_single_1.jpg'),
	(264, 'Single 3', 86, 'beyfin_single_2.jpg'),
	(265, 'Twin 1', 88, 'beyfin_twin.jpg'),
	(266, 'Twin 2', 88, 'beyfin_stwin.jpg'),
	(267, 'Twin 3', 88, 'beyfin_twin_1.jpg'),
	(268, 'Dublă 1', 89, 'zero_dubla.jpg'),
	(269, 'Dublă 2', 89, 'zero_dubla_2.jpg'),
	(270, 'Dublă 3', 89, 'zero_dubla_3.jpg'),
	(271, 'Triplă 1', 90, 'zero_tripla.jpg'),
	(272, 'Triplă 2', 90, 'zero_tripla_1.jpg'),
	(273, 'Triplă 3', 90, 'zero_tripla_2.jpg'),
	(274, 'Twin 1', 91, 'zero_stwin.jpg'),
	(275, 'Twin 2', 91, 'zero_twin.jpg'),
	(276, 'Twin 3', 91, 'zero_stwin_1.jpg'),
	(277, 'Twin 1', 92, 'sunny_stwin.jpg'),
	(278, 'Twin 2', 92, 'sunny_twin.jpg'),
	(279, 'Twin 3', 92, 'sunny_twin_1.jpg'),
	(280, 'Queen 1', 93, 'sunny_queen.jpg'),
	(281, 'Queen 2', 93, 'sunny_queen_1.jpg'),
	(282, 'Queen 3', 93, 'sunny_queen_2.jpg'),
	(283, 'Cvadruplă 1', 94, 'sunny_cva_1.jpg'),
	(284, 'Cvadruplă 2', 94, 'sunny_cvadrupla.jpg'),
	(285, 'Cvadruplă 3', 94, 'sunny_cva_2.jpg'),
	(286, 'Dublă Superioară 1', 95, 'rin_ssup.jpg'),
	(287, 'Dublă Superioară 2', 95, 'rin_ssup_1.jpg'),
	(288, 'Dublă Superioară 3', 95, 'rin_ssup_2.jpg'),
	(289, 'Dublă Standard 1', 96, 'rin_sstandard.jpg'),
	(290, 'Dublă Standard 2', 96, 'rin_sstandard_1.jpg'),
	(291, 'Dublă Standard 3', 96, 'rin_sstandard_2.jpg'),
	(292, 'Twin 1', 97, 'rin_stwin.jpg'),
	(293, 'Twin 2', 97, 'ringrand_twin_1.jpg'),
	(294, 'Twin 3', 97, 'rin_stwin_1.jpg'),
	(295, 'Dublă 1', 98, 'ambasador_sdubla.jpg'),
	(296, 'Dublă 2', 98, 'ambasador_sdubla_1.jpg'),
	(297, 'Dublă 3', 98, 'ambasador_sdubla_2.jpg'),
	(298, 'Twin 1', 99, 'ambasador_stwin.jpg'),
	(299, 'Twin 2', 99, 'ambasador_stwin_1.jpg'),
	(300, 'Twin 3', 99, 'ambasador_stwin_2.jpg'),
	(301, 'Single 1', 100, 'ambasador_ssingle.jpg'),
	(302, 'Single 2', 100, 'ambasador_ssingle_1.jpg'),
	(303, 'Single 3', 100, 'ambasador_ssingle_2.jpg'),
	(304, 'Dublă 1', 101, 'michelangelo_standard.jpg'),
	(305, 'Dublă 2', 101, 'michelangelo_standard_2.jpg'),
	(306, 'Dublă 3', 101, 'michelangelo_sdubla.jpg'),
	(307, 'Single 1', 102, 'michelangelo_standard.jpg'),
	(308, 'Single 2', 102, 'michelangelo_standard_2.jpg'),
	(309, 'Single 3', 102, 'michelangelo_sdubla.jpg'),
	(310, 'Dublă Superioară 1', 103, 'michelangelo_ssup.jpg'),
	(311, 'Dublă Superioară 2', 103, 'michelangelo_ssup_1.jpg'),
	(312, 'Dublă Superioară 3', 103, 'michelangelo_ssup_2.jpg'),
	(313, 'Single 1', 104, 'yesterday_ssingle.jpg'),
	(314, 'Single 2', 104, 'yesterday_ssingle_1.jpg'),
	(315, 'Single 3', 104, 'yesterday_ssingle_2.jpg'),
	(316, 'Dublă 1', 105, 'yesterday_sdubla.jpg'),
	(317, 'Dublă 2', 105, 'yesterday_sdubla_2.jpg'),
	(318, 'Dublă 3', 105, 'yesterday_sdubla_3.jpg'),
	(319, 'Twin 1', 106, 'yesterday_twin.jpg'),
	(320, 'Twin 2', 106, 'yesterday_stwin.jpg'),
	(321, 'Twin 3', 106, 'yesterday_stwin_1.jpg'),
	(322, 'Single 1', 107, 'uranus_single.jpg'),
	(323, 'Single 2', 107, 'uranus_ssingle.jpg'),
	(324, 'Single 3', 107, 'uranus_ssingle_1.jpg'),
	(325, 'Dublă 1', 108, 'uranus_dubla.jpg'),
	(326, 'Dublă 2', 108, 'uranus_sdubla.jpg'),
	(327, 'Dublă 3', 108, 'uranus_sdubla_1.jpg'),
	(328, 'Triplă 1', 109, 'uranus_tripla.jpg'),
	(329, 'Triplă 2', 109, 'uranus_stripla.jpg'),
	(330, 'Triplă 3', 109, 'uranus_stripla_1.jpg'),
	(331, 'Twin 1', 110, 'astoria_twin.jpg'),
	(332, 'Twin 2', 110, 'astoria_stwin.jpg'),
	(333, 'Twin 3', 110, 'astoria_stwin_1.jpg'),
	(334, 'Dublă 1', 111, 'astoria_dubla.jpg'),
	(335, 'Dublă 2', 111, 'astoria_sdubla.jpg'),
	(336, 'Dublă 3', 111, 'astoria_sdubla_1.jpg'),
	(337, 'Triplă 1', 112, 'astoria_tripla.jpg'),
	(338, 'Triplă 2', 112, 'astoria_stripla.jpg'),
	(339, 'Triplă 3', 112, 'astoria_stripla_1.jpg'),
	(340, 'Dublă 1', 113, 'arnia_dubla.jpg'),
	(341, 'Dublă 2', 113, 'arnia_sdubla.jpg'),
	(342, 'Dublă 3', 113, 'arnia_sdubla_1.jpg'),
	(343, 'Twin 1', 114, 'arnia_stwin.jpg'),
	(344, 'Twin 2', 114, 'arnia_stwin_1.jpg'),
	(345, 'Twin 3', 114, 'arnia_stwin_2.jpg'),
	(346, 'Familie 1', 115, 'arnia_familie.jpg'),
	(347, 'Familie 2', 115, 'arnia_sfam.jpg'),
	(348, 'Familie 3', 115, 'arnia_familie_1.jpg'),
	(349, 'Deluxe 1', 116, 'traian_deluxe_2.jpg'),
	(350, 'Deluxe 2', 116, 'traian_sdubla.jpg'),
	(351, 'Deluxe 3', 116, 'traian_deluxe.jpg'),
	(352, 'Single 1', 117, 'traian_single.jpg'),
	(353, 'Single 2', 117, 'traian_single_1.jpg'),
	(354, 'Single 3', 117, 'traian_single_2.jpg'),
	(355, 'Apartament 1', 118, 'traian_sap.jpg'),
	(356, 'Apartament 2', 118, 'traian_sap_1.jpg'),
	(357, 'Apartament 3', 118, 'traian_sap_2.jpg'),
	(358, 'Dublă 1', 119, 'belevile_dubla.jpg'),
	(359, 'Dublă 2', 119, 'belevile_dubla_1.jpg'),
	(360, 'Dublă 3', 119, 'belevile_dubla_3.jpg'),
	(361, 'Twin 1', 120, 'belevile_stwin.jpg'),
	(362, 'Twin 2', 120, 'belevile_stwin_1.jpg'),
	(363, 'Twin 3', 120, 'belevile_stwin_2.jpg'),
	(364, 'Familie 1', 121, 'belevile_sfam_1.jpg'),
	(365, 'Familie 2', 121, 'belevile_sfam.jpg'),
	(366, 'Familie 3', 121, 'belevile_sfam_2.jpg'),
	(367, 'Dublă 1', 122, 'house_sdubla.jpg'),
	(368, 'Dublă 2', 122, 'house_sdubla_1.jpg'),
	(369, 'Dublă 3', 122, 'house_sdubla_2.jpg'),
	(370, 'Triplă 1', 123, 'house_tripla.jpg'),
	(371, 'Triplă 2', 123, 'house_stripla.jpg'),
	(372, 'Triplă 3', 123, 'house_stripla_1.jpg'),
	(373, 'Single 1', 124, 'house_single.jpg'),
	(374, 'Single 2', 124, 'house_single_2.jpg'),
	(375, 'Single 3', 124, 'house_ssingle.jpg'),
	(376, 'Dublă 1', 125, 'piemonte_sdubla.jpg'),
	(377, 'Dublă 2', 125, 'piemonte_sdubla_1.jpg'),
	(378, 'Dublă 3', 125, 'piemonte_sdubla_3.jpg'),
	(379, 'Twin 1', 126, 'piemonte_stwin.jpg'),
	(380, 'Twin 2', 126, 'piemonte_stwin_1.jpg'),
	(381, 'Twin 3', 126, 'piemonte_stwin_2.jpg'),
	(382, 'Apartament 1', 127, 'piemonte_sap.jpg'),
	(383, 'Apartament 2', 127, 'piemonte_sap_!.jpg'),
	(384, 'Apartament 3', 127, 'piemonte_sap_2.jpg'),
	(385, 'Dublă 1', 128, 'rozmarin_sdubla.jpg'),
	(386, 'Dublă 2', 128, 'rozmarin_sdubla_1.jpg'),
	(387, 'Dublă 3', 128, 'rozmarin_sdubla_2.jpg'),
	(388, 'Familie 1', 129, 'rozmarin_sfam.jpg'),
	(389, 'Familie 2', 129, 'rozmarin_sfam_1.jpg'),
	(390, 'Familie 3', 129, 'rozmarin_sdubla_2.jpg'),
	(391, 'Dublă 1', 130, 'dragului_sdubla.jpg'),
	(392, 'Dublă 2', 130, 'dragului_sdubla_1.jpg'),
	(393, 'Dublă 3', 130, 'dragului_sdubla_2.jpg'),
	(394, 'Twin 1', 131, 'dragului_twin.jpg'),
	(395, 'Twin 2', 131, 'dragului_stwin.jpg'),
	(396, 'Twin 3', 131, 'dragului_twin_2.jpg'),
	(397, 'Dublă 1', 133, 'orizont_sdubla.jpg'),
	(398, 'Dublă 2', 133, 'orizont_sdubla_1.jpg'),
	(399, 'Dublă 3', 133, 'orizont_sdubla_2.jpg'),
	(400, 'Twin 1', 134, 'orizont_sdubla_2.jpg'),
	(401, 'Twin 2', 134, 'orizont_twin_1.jpg'),
	(402, 'Twin 3', 134, 'orizont_twin.jpg'),
	(403, 'King 1', 135, 'orizont_king.jpg'),
	(404, 'King 2', 135, 'orizont_king_3.jpg'),
	(405, 'King 3', 135, 'orizont_king_2.jpg'),
	(406, 'Twin 1', 136, 'belvedere_stwin.jpg'),
	(407, 'Twin 2', 136, 'belvedere_stwin_1.jpg'),
	(408, 'Twin 3', 136, 'belvedere_stwin_2.jpg'),
	(409, 'Dublă 1', 137, 'belvedere_dubla.jpg'),
	(410, 'Dublă 2', 137, 'belvedere_dubla_1.jpg'),
	(411, 'Dublă 3', 137, 'belvedere_sdubla.jpg'),
	(412, 'Apartament 1', 138, 'belvedere_apartament.jpg'),
	(413, 'Apartament 2', 138, 'belvedere_apartament_1.jpg'),
	(414, 'Apartament 3', 138, 'belvedere_apartament_2.jpg');
/*!40000 ALTER TABLE `subtip_camera` ENABLE KEYS */;

-- Dumping structure for table rezervari_hoteliere.tip_camera
CREATE TABLE IF NOT EXISTS `tip_camera` (
  `id_tip_camera` int(10) NOT NULL AUTO_INCREMENT,
  `tip` varchar(30) NOT NULL,
  PRIMARY KEY (`id_tip_camera`)
) ENGINE=InnoDB AUTO_INCREMENT=139 DEFAULT CHARSET=utf8mb4;

-- Dumping data for table rezervari_hoteliere.tip_camera: ~138 rows (approximately)
/*!40000 ALTER TABLE `tip_camera` DISABLE KEYS */;
INSERT INTO `tip_camera` (`id_tip_camera`, `tip`) VALUES
	(1, 'Cameră Dublă'),
	(2, 'Cameră de familie'),
	(3, 'Camera Dublă Superioară'),
	(4, 'Cameră Dublă'),
	(5, 'Cameră de familie'),
	(6, 'Cameră Dublă'),
	(7, 'Cameră Twin Standard'),
	(8, 'Apartament Standard'),
	(9, 'Cameră Twin'),
	(10, 'Cameră Dublă'),
	(11, 'Apartament Standard'),
	(12, 'Cameră de familie'),
	(13, 'Cameră Twin'),
	(14, 'Cameră Dublă'),
	(15, 'Cameră Dublă Standard'),
	(16, 'Cameră Dublă Deluxe'),
	(17, 'Apartament Executive'),
	(18, 'Cameră Dublă Standard'),
	(19, 'Cameră Twin Standard'),
	(20, 'Apartament Standard'),
	(21, 'Cameră Single'),
	(22, 'Cameră Dublă Standard'),
	(23, 'Cameră de familie'),
	(24, 'Cameră Twin'),
	(25, 'Cameră Dublă'),
	(26, 'Cameră Superioară'),
	(27, 'Cameră Dublă Deluxe'),
	(28, 'Apartament Deluxe'),
	(29, 'Cameră Twin'),
	(30, 'Cameră Junior'),
	(31, 'Cameră Junior Executive'),
	(32, 'Cameră Twin'),
	(33, 'Cameră Triplă'),
	(34, 'Camera de familie'),
	(35, 'Cameră Dublă'),
	(36, 'Cameră Dublă'),
	(37, 'Cameră Dublă Standard'),
	(38, 'Cameră Dublă Deluxe'),
	(39, 'Cameră de familie'),
	(40, 'Cameră Dublă'),
	(41, 'Cameră Twin'),
	(42, 'Cameră Twin Standard'),
	(43, 'Cameră de familie'),
	(44, 'Cameră Twin Superioară'),
	(45, 'Apartament Duplex'),
	(46, 'Cameră Dublă'),
	(47, 'Cameră Triplă'),
	(48, 'Apartament Standard'),
	(49, 'Cameră Triplă'),
	(50, 'Cameră Twin'),
	(51, 'Apartament Standard'),
	(52, 'Cameră Twin'),
	(53, 'Cameră Dublă Standard'),
	(54, 'Cameră Dublă Deluxe'),
	(55, 'Cameră de familie'),
	(56, 'Apartament Deluxe'),
	(57, 'Apartament tip Studio'),
	(58, 'Apartament Standard'),
	(59, 'Cameră Dublă'),
	(60, 'Cameră Twin'),
	(61, 'Cameră de familie'),
	(62, 'Cameră Twin'),
	(63, 'Cameră de familie'),
	(64, 'Cameră Twin'),
	(65, 'Cameră Dublă Standard'),
	(66, 'Apartament Standard'),
	(67, 'Cameră Queen'),
	(68, 'Cameră King'),
	(69, 'Apartament Standard'),
	(70, 'Cameră Single'),
	(71, 'Cameră Dublă'),
	(72, 'Cameră Dublă'),
	(73, 'Cameră Deluxe'),
	(74, 'Cameră de familie'),
	(75, 'Cameră Triplă '),
	(76, 'Cameră Cvadruplă'),
	(77, 'Cameră Twin'),
	(78, 'Cameră Dublă'),
	(79, 'Cameră Triplă'),
	(80, 'Cameră Dublă Superioară'),
	(81, 'Cameră Dublă Deluxe'),
	(82, 'Cameră King'),
	(83, 'Cameră Triplă'),
	(84, 'Cameră de familie'),
	(85, 'Apartament Deluxe'),
	(86, 'Cameră Single Deluxe'),
	(87, 'Cameră Dublă Standard'),
	(88, 'Cameră Twin Executive'),
	(89, 'Cameră Dublă'),
	(90, 'Cameră Triplă'),
	(91, 'Cameră Twin'),
	(92, 'Cameră Twin Standard'),
	(93, 'Cameră Queen'),
	(94, 'Cameră Cvadruplă'),
	(95, 'Cameră Dublă Superioară'),
	(96, 'Cameră Dublă Standard'),
	(97, 'Cameră Twin Superioară'),
	(98, 'Cameră Dublă Standard'),
	(99, 'Cameră Twin Standard'),
	(100, 'Cameră Single'),
	(101, 'Cameră Dublă Standard'),
	(102, 'Cameră Single'),
	(103, 'Cameră Dublă Superioară'),
	(104, 'Cameră Single'),
	(105, 'Cameră Dublă'),
	(106, 'Cameră Twin Standard'),
	(107, 'Cameră Single'),
	(108, 'Cameră Dublă '),
	(109, 'Cameră Triplă'),
	(110, 'Cameră Twin'),
	(111, 'Cameră Dublă Standard'),
	(112, 'Cameră Triplă'),
	(113, 'Cameră Dublă Deluxe'),
	(114, 'Cameră Twin Deluxe'),
	(115, 'Cameră de familie'),
	(116, 'Cameră Dublă Deluxe'),
	(117, 'Cameră Single'),
	(118, 'Apartament Deluxe'),
	(119, 'Cameră Dublă'),
	(120, 'Cameră Twin'),
	(121, 'Cameră de familie'),
	(122, 'Cameră Dublă '),
	(123, 'Cameră Triplă'),
	(124, 'Cameră Single'),
	(125, 'Cameră Dublă '),
	(126, 'Cameră Twin '),
	(127, 'Apartament Standard'),
	(128, 'Cameră Dublă '),
	(129, 'Cameră de familie'),
	(130, 'Cameră Dublă Superioară'),
	(131, 'Cameră Twin '),
	(132, 'Cameră King'),
	(133, 'Cameră Dublă Standard'),
	(134, 'Cameră Twin Standard'),
	(135, 'Cameră King'),
	(136, 'Cameră Twin'),
	(137, 'Cameră Dublă'),
	(138, 'Apartament Standard');
/*!40000 ALTER TABLE `tip_camera` ENABLE KEYS */;

/*!40101 SET SQL_MODE=IFNULL(@OLD_SQL_MODE, '') */;
/*!40014 SET FOREIGN_KEY_CHECKS=IF(@OLD_FOREIGN_KEY_CHECKS IS NULL, 1, @OLD_FOREIGN_KEY_CHECKS) */;
/*!40101 SET CHARACTER_SET_CLIENT=@OLD_CHARACTER_SET_CLIENT */;
